Expiration Date,Stock Symbol,Strike Price,"('2024-07-08', 'Call')","('2024-07-08', 'Put')","('2024-07-09', 'Call')","('2024-07-09', 'Put')","('2024-07-10', 'Call')","('2024-07-10', 'Put')","('2024-07-11', 'Call')","('2024-07-11', 'Put')","('2024-07-12', 'Call')","('2024-07-12', 'Put')","('2024-07-15', 'Call')","('2024-07-15', 'Put')",Separator,2024-07-15 (Put/Call),2024-07-12 (Put/Call),Total Calls,Total Puts,Current Price,Diff,Diff Percentage
2024-07-19,AAPL,220.0,0,0,0,"19,206",0,0,0,0,0,0,0,0,nan,0.00,0.00,0,"19,206",N/A,N/A,N/A
2024-07-19,AAPL,222.5,0,0,0,0,0,0,0,0,0,0,0,"96,196",nan,0.00,0.00,0,"96,196",N/A,N/A,N/A
2024-07-19,AAPL,225.0,0,0,0,"24,684",0,0,0,"39,472",0,"225,366",0,"41,593",nan,0.00,0.00,0,"331,115",N/A,N/A,N/A
2024-07-19,AAPL,227.5,0,0,0,"67,334",0,0,0,"50,370",0,"314,134",0,"410,900",nan,0.00,0.00,0,"842,738",N/A,N/A,N/A
2024-07-19,AAPL,230.0,0,0,0,"19,854",0,0,0,"108,526",0,"568,100",0,"1,380,625",nan,0.00,0.00,0,"2,077,105",N/A,N/A,N/A
2024-07-19,AAPL,232.5,0,0,0,0,0,0,"546,028",0,"829,245","56,994",0,"764,154",nan,0.00,0.07,"1,375,273","821,148",N/A,N/A,N/A
2024-07-19,AAPL,235.0,0,0,0,0,0,0,0,0,"45,852",0,"1,908,601","919,396",nan,0.48,0.00,"1,954,453","919,396",N/A,N/A,N/A
2024-07-19,AAPL,237.5,0,0,"2,348",0,0,0,0,0,"110,908",0,"1,860,718","87,486",nan,0.05,0.00,"1,973,974","87,486",N/A,N/A,N/A
2024-07-19,AAPL,240.0,0,0,0,0,0,0,0,0,0,"2,992","2,869,949","6,583",nan,0.00,0.00,"2,869,949","9,575",N/A,N/A,N/A
2024-07-19,AAPL,242.5,0,0,0,0,0,0,0,0,0,0,"406,431",0,nan,0.00,0.00,"406,431",0,N/A,N/A,N/A
2024-07-19,AAPL,245.0,0,0,0,0,0,0,0,0,0,0,"545,035",0,nan,0.00,0.00,"545,035",0,N/A,N/A,N/A
2024-07-19,AAPL,247.5,0,0,0,0,0,0,0,0,0,0,"29,946",0,nan,0.00,0.00,"29,946",0,N/A,N/A,N/A
2024-07-19,AAPL,252.5,0,0,0,0,0,0,0,0,0,0,"14,179",0,nan,0.00,0.00,"14,179",0,N/A,N/A,N/A
2024-07-19,AFRM,28.0,0,0,"6,130",0,0,0,0,0,0,0,0,0,nan,0.00,0.00,"6,130",0,N/A,N/A,N/A
2024-07-19,AFRM,29.0,0,0,0,0,0,0,0,0,0,790,0,0,nan,0.00,0.00,0,790,N/A,N/A,N/A
2024-07-19,AFRM,29.5,0,0,0,0,0,0,0,0,"71,993",0,0,0,nan,0.00,0.00,"71,993",0,N/A,N/A,N/A
2024-07-19,AFRM,30.5,0,0,0,0,0,0,0,0,0,0,"31,835",0,nan,0.00,0.00,"31,835",0,N/A,N/A,N/A
2024-07-19,AFRM,31.0,0,0,0,0,0,0,0,0,0,0,"135,579","1,334",nan,0.01,0.00,"135,579","1,334",N/A,N/A,N/A
2024-07-19,AFRM,31.5,0,0,0,0,0,0,0,0,0,0,"19,307","3,942",nan,0.20,0.00,"19,307","3,942",N/A,N/A,N/A
2024-07-19,AFRM,32.0,0,0,0,0,0,0,0,0,0,0,"41,722",0,nan,0.00,0.00,"41,722",0,N/A,N/A,N/A
2024-07-19,AFRM,33.0,0,0,0,0,0,0,0,0,0,0,"40,363",0,nan,0.00,0.00,"40,363",0,N/A,N/A,N/A
2024-07-19,AFRM,33.5,0,0,0,0,0,0,0,0,0,0,"9,451",0,nan,0.00,0.00,"9,451",0,N/A,N/A,N/A
2024-07-19,AFRM,35.0,0,0,0,0,0,0,0,0,0,0,"7,482",0,nan,0.00,0.00,"7,482",0,N/A,N/A,N/A
2024-07-19,AI,28.5,0,0,0,0,0,0,0,634,0,0,0,0,nan,0.00,0.00,0,634,N/A,N/A,N/A
2024-07-19,AI,29.0,0,0,0,"7,048",0,0,0,0,0,0,0,0,nan,0.00,0.00,0,"7,048",N/A,N/A,N/A
2024-07-19,AI,30.5,"1,546",0,0,0,0,0,0,0,0,0,"5,855",0,nan,0.00,0.00,"7,401",0,N/A,N/A,N/A
2024-07-19,AI,31.0,"6,327",0,0,0,0,0,0,0,0,0,0,0,nan,0.00,0.00,"6,327",0,N/A,N/A,N/A
2024-07-19,AI,32.0,0,0,0,0,0,0,0,0,0,0,"2,248",0,nan,0.00,0.00,"2,248",0,N/A,N/A,N/A
2024-07-19,AMD,167.5,0,0,0,0,0,0,0,"3,737",0,0,0,0,nan,0.00,0.00,0,"3,737",N/A,N/A,N/A
2024-07-19,AMD,172.5,0,"8,642",0,0,0,0,0,"3,046",0,0,0,"35,908",nan,0.00,0.00,0,"47,596",N/A,N/A,N/A
2024-07-19,AMD,175.0,0,0,0,"6,451",0,0,0,0,0,"9,504",0,"165,954",nan,0.00,0.00,0,"181,909",N/A,N/A,N/A
2024-07-19,AMD,177.5,"27,144",0,"43,696","10,671",0,0,0,"11,781",0,"4,982",0,"88,246",nan,0.00,0.00,"70,840","115,680",N/A,N/A,N/A
2024-07-19,AMD,180.0,0,0,0,0,0,0,0,"13,845",0,"171,605",0,"185,056",nan,0.00,0.00,0,"370,506",N/A,N/A,N/A
2024-07-19,AMD,182.5,"6,741",0,"59,703",0,0,0,"54,439","10,113","39,704","35,513","348,331","56,383",nan,0.16,0.89,"508,918","102,009",N/A,N/A,N/A
2024-07-19,AMD,185.0,0,0,0,0,0,0,"52,978","11,848","83,538","62,658","737,685",0,nan,0.00,0.75,"874,201","74,506",N/A,N/A,N/A
2024-07-19,AMD,187.5,"12,657",0,"8,082",0,0,0,"89,723",0,"203,878",0,"535,982",0,nan,0.00,0.00,"850,322",0,N/A,N/A,N/A
2024-07-19,AMD,190.0,0,0,0,0,0,0,0,0,"227,638",0,"283,734",0,nan,0.00,0.00,"511,372",0,N/A,N/A,N/A
2024-07-19,AMD,192.5,0,0,"4,405",0,0,0,"24,915",0,"40,432",0,"5,373",0,nan,0.00,0.00,"75,125",0,N/A,N/A,N/A
2024-07-19,AMD,195.0,0,0,0,0,0,0,0,0,"12,192",0,0,0,nan,0.00,0.00,"12,192",0,N/A,N/A,N/A
2024-07-19,AMD,197.5,0,0,0,0,0,0,0,0,"11,315",0,0,0,nan,0.00,0.00,"11,315",0,N/A,N/A,N/A
2024-07-19,AMD,202.5,0,0,0,0,0,0,0,0,"3,958",0,"5,072",0,nan,0.00,0.00,"9,030",0,N/A,N/A,N/A
2024-07-19,AMD,205.0,"5,867",0,0,0,0,0,0,0,0,0,0,0,nan,0.00,0.00,"5,867",0,N/A,N/A,N/A
2024-07-19,AMZN,190.0,0,0,0,0,0,0,0,0,0,0,0,"305,015",nan,0.00,0.00,0,"305,015",N/A,N/A,N/A
2024-07-19,AMZN,192.5,0,0,0,0,0,0,0,0,0,"15,218","250,592","69,785",nan,0.28,0.00,"250,592","85,003",N/A,N/A,N/A
2024-07-19,AMZN,195.0,0,0,0,0,0,0,0,0,0,0,"1,103,206",0,nan,0.00,0.00,"1,103,206",0,N/A,N/A,N/A
2024-07-19,AMZN,197.5,0,0,0,0,0,0,"201,615",0,"242,452",0,"432,891",0,nan,0.00,0.00,"876,958",0,N/A,N/A,N/A
2024-07-19,AMZN,202.5,0,0,"65,564",0,0,0,0,0,0,0,0,0,nan,0.00,0.00,"65,564",0,N/A,N/A,N/A
2024-07-19,C,63.0,0,0,0,0,0,0,0,0,"79,274",0,0,0,nan,0.00,0.00,"79,274",0,N/A,N/A,N/A
2024-07-19,C,66.0,0,0,0,"1,131",0,0,"4,754",0,"19,730",0,0,0,nan,0.00,0.00,"24,484","1,131",N/A,N/A,N/A
2024-07-19,C,67.0,0,0,0,0,0,0,"11,651",0,"41,582",0,0,0,nan,0.00,0.00,"53,233",0,N/A,N/A,N/A
2024-07-19,C,68.0,0,0,"14,547",0,0,0,0,0,0,0,0,0,nan,0.00,0.00,"14,547",0,N/A,N/A,N/A
2024-07-19,CLSK,15.5,0,0,0,0,0,0,0,"2,171",0,0,0,0,nan,0.00,0.00,0,"2,171",N/A,N/A,N/A
2024-07-19,CLSK,16.5,0,0,0,0,0,0,0,0,"4,298",0,0,0,nan,0.00,0.00,"4,298",0,N/A,N/A,N/A
2024-07-19,CLSK,17.0,0,0,0,0,0,0,0,0,0,0,"50,421","4,734",nan,0.09,0.00,"50,421","4,734",N/A,N/A,N/A
2024-07-19,CLSK,17.5,"9,294",0,0,0,0,0,0,0,0,0,0,957,nan,0.00,0.00,"9,294",957,N/A,N/A,N/A
2024-07-19,CLSK,18.0,0,0,0,0,0,0,0,0,0,0,"128,494",0,nan,0.00,0.00,"128,494",0,N/A,N/A,N/A
2024-07-19,CLSK,18.5,0,0,0,0,0,0,0,0,0,0,"60,584",0,nan,0.00,0.00,"60,584",0,N/A,N/A,N/A
2024-07-19,CLSK,19.0,0,0,0,0,0,0,0,0,0,0,"25,006",0,nan,0.00,0.00,"25,006",0,N/A,N/A,N/A
2024-07-19,CLSK,19.5,0,0,0,0,0,0,0,0,0,0,"10,933",0,nan,0.00,0.00,"10,933",0,N/A,N/A,N/A
2024-07-19,CLSK,20.0,0,0,0,0,0,0,0,0,0,0,"156,235",0,nan,0.00,0.00,"156,235",0,N/A,N/A,N/A
2024-07-19,CLSK,20.5,0,0,0,0,0,0,0,0,0,0,"2,381",0,nan,0.00,0.00,"2,381",0,N/A,N/A,N/A
2024-07-19,CLSK,22.0,0,0,0,0,0,0,0,0,0,0,"6,062",0,nan,0.00,0.00,"6,062",0,N/A,N/A,N/A
2024-07-19,CNC,69.0,0,0,0,0,0,0,0,0,"24,423",0,"10,463",0,nan,0.00,0.00,"34,886",0,N/A,N/A,N/A
2024-07-19,COIN,205.0,0,0,0,0,0,0,0,0,0,"1,673",0,0,nan,0.00,0.00,0,"1,673",N/A,N/A,N/A
2024-07-19,COIN,212.5,0,0,0,0,0,0,0,0,0,"2,521",0,0,nan,0.00,0.00,0,"2,521",N/A,N/A,N/A
2024-07-19,COIN,215.0,0,0,0,0,0,0,0,0,0,"1,226",0,"51,025",nan,0.00,0.00,0,"52,251",N/A,N/A,N/A
2024-07-19,COIN,217.5,0,0,0,0,0,0,0,0,"3,589","1,708",0,0,nan,0.00,0.48,"3,589","1,708",N/A,N/A,N/A
2024-07-19,COIN,220.0,0,0,0,0,0,0,0,0,0,0,0,"26,592",nan,0.00,0.00,0,"26,592",N/A,N/A,N/A
2024-07-19,COIN,222.5,0,0,0,0,0,0,0,0,968,0,0,0,nan,0.00,0.00,968,0,N/A,N/A,N/A
2024-07-19,COIN,225.0,0,0,0,0,"10,288",0,"6,818",0,"4,121",0,0,"18,981",nan,0.00,0.00,"21,227","18,981",N/A,N/A,N/A
2024-07-19,COIN,227.5,0,0,0,0,"1,029",0,0,0,0,0,0,"4,295",nan,0.00,0.00,"1,029","4,295",N/A,N/A,N/A
2024-07-19,COIN,230.0,0,0,0,0,0,0,0,0,"842,057",0,0,"38,063",nan,0.00,0.00,"842,057","38,063",N/A,N/A,N/A
2024-07-19,COIN,232.5,0,0,0,0,0,0,0,0,0,0,"2,028",0,nan,0.00,0.00,"2,028",0,N/A,N/A,N/A
2024-07-19,COIN,235.0,0,0,0,0,0,0,0,0,"1,499",0,"55,367","38,128",nan,0.69,0.00,"56,866","38,128",N/A,N/A,N/A
2024-07-19,COIN,237.5,0,0,0,0,0,0,0,0,0,0,"29,331",0,nan,0.00,0.00,"29,331",0,N/A,N/A,N/A
2024-07-19,COIN,240.0,0,0,0,0,0,0,0,0,0,0,"205,275","53,100",nan,0.26,0.00,"205,275","53,100",N/A,N/A,N/A
2024-07-19,COIN,242.5,0,0,0,0,0,0,0,0,0,0,"10,392",0,nan,0.00,0.00,"10,392",0,N/A,N/A,N/A
2024-07-19,COIN,245.0,0,0,0,0,0,0,0,0,0,0,"117,308","1,269",nan,0.01,0.00,"117,308","1,269",N/A,N/A,N/A
2024-07-19,COIN,247.5,0,0,0,0,0,0,0,0,0,0,"9,364",0,nan,0.00,0.00,"9,364",0,N/A,N/A,N/A
2024-07-19,COIN,250.0,0,0,0,0,0,0,0,0,0,0,"390,512",0,nan,0.00,0.00,"390,512",0,N/A,N/A,N/A
2024-07-19,COIN,252.5,0,0,0,0,0,0,0,0,0,0,"5,145",0,nan,0.00,0.00,"5,145",0,N/A,N/A,N/A
2024-07-19,COIN,255.0,0,0,0,0,0,0,0,0,0,0,"44,526",0,nan,0.00,0.00,"44,526",0,N/A,N/A,N/A
2024-07-19,COIN,265.0,0,0,0,0,0,0,0,0,0,0,"55,671",0,nan,0.00,0.00,"55,671",0,N/A,N/A,N/A
2024-07-19,COIN,270.0,0,0,0,0,0,0,0,0,0,0,"72,465",0,nan,0.00,0.00,"72,465",0,N/A,N/A,N/A
2024-07-19,COIN,275.0,0,0,0,0,0,0,0,0,0,0,"12,910",0,nan,0.00,0.00,"12,910",0,N/A,N/A,N/A
2024-07-19,COIN,280.0,0,0,0,0,0,0,0,0,0,0,"12,675",0,nan,0.00,0.00,"12,675",0,N/A,N/A,N/A
2024-07-19,COST,845.0,0,0,0,0,0,0,0,0,0,0,"5,233",0,nan,0.00,0.00,"5,233",0,N/A,N/A,N/A
2024-07-19,COST,847.5,0,0,0,0,0,0,0,0,0,0,"3,439",0,nan,0.00,0.00,"3,439",0,N/A,N/A,N/A
2024-07-19,COST,850.0,0,"2,297",0,0,0,0,686,0,"3,480",0,0,0,nan,0.00,0.00,"4,166","2,297",N/A,N/A,N/A
2024-07-19,COST,852.5,0,0,0,0,0,0,0,0,0,0,"1,338",564,nan,0.42,0.00,"1,338",564,N/A,N/A,N/A
2024-07-19,COST,855.0,0,0,0,0,0,0,"1,252",0,"2,149",0,0,0,nan,0.00,0.00,"3,401",0,N/A,N/A,N/A
2024-07-19,COST,857.5,0,0,0,0,0,0,0,0,0,0,"1,312",0,nan,0.00,0.00,"1,312",0,N/A,N/A,N/A
2024-07-19,COST,860.0,0,0,0,0,0,0,"13,963",558,0,0,0,0,nan,0.00,0.00,"13,963",558,N/A,N/A,N/A
2024-07-19,COST,870.0,0,0,0,0,0,0,"7,952",0,0,0,0,0,nan,0.00,0.00,"7,952",0,N/A,N/A,N/A
2024-07-19,COST,875.0,0,0,0,0,0,0,"1,139",0,0,0,"5,516",0,nan,0.00,0.00,"6,655",0,N/A,N/A,N/A
2024-07-19,COST,880.0,0,0,0,0,0,0,"4,057",0,0,0,"6,471",0,nan,0.00,0.00,"10,528",0,N/A,N/A,N/A
2024-07-19,COST,885.0,0,0,0,0,0,0,"1,417",0,0,0,0,0,nan,0.00,0.00,"1,417",0,N/A,N/A,N/A
2024-07-19,COST,890.0,0,0,0,0,"1,035",0,"3,326",0,0,0,0,0,nan,0.00,0.00,"4,361",0,N/A,N/A,N/A
2024-07-19,COST,900.0,0,0,0,0,0,0,"21,273",0,0,0,0,0,nan,0.00,0.00,"21,273",0,N/A,N/A,N/A
2024-07-19,COST,910.0,0,0,0,0,0,0,"1,180",0,0,0,0,0,nan,0.00,0.00,"1,180",0,N/A,N/A,N/A
2024-07-19,COST,920.0,0,0,0,0,0,0,515,0,0,0,0,0,nan,0.00,0.00,515,0,N/A,N/A,N/A
2024-07-19,CVNA,129.0,0,0,0,0,0,0,0,0,0,"7,243",0,0,nan,0.00,0.00,0,"7,243",N/A,N/A,N/A
2024-07-19,CVNA,130.0,0,0,0,0,0,0,0,0,0,"19,412",0,"3,624",nan,0.00,0.00,0,"23,036",N/A,N/A,N/A
2024-07-19,CVNA,134.0,0,0,0,0,0,0,0,0,0,0,0,735,nan,0.00,0.00,0,735,N/A,N/A,N/A
2024-07-19,CVNA,135.0,0,0,0,0,0,0,0,0,0,"6,682",0,0,nan,0.00,0.00,0,"6,682",N/A,N/A,N/A
2024-07-19,CVNA,137.0,0,0,0,0,0,0,0,0,"5,990",0,0,0,nan,0.00,0.00,"5,990",0,N/A,N/A,N/A
2024-07-19,CVNA,139.0,0,0,0,0,0,0,0,0,"3,396",0,0,0,nan,0.00,0.00,"3,396",0,N/A,N/A,N/A
2024-07-19,CVNA,140.0,0,0,0,0,"83,286",0,0,0,"407,356",0,0,"2,387",nan,0.00,0.00,"490,642","2,387",N/A,N/A,N/A
2024-07-19,CVNA,142.0,0,0,0,0,0,0,0,0,0,0,"1,814",0,nan,0.00,0.00,"1,814",0,N/A,N/A,N/A
2024-07-19,CVNA,145.0,0,0,0,0,0,0,0,0,"33,060",0,0,0,nan,0.00,0.00,"33,060",0,N/A,N/A,N/A
2024-07-19,CVNA,150.0,0,0,0,0,0,0,0,0,"4,329",0,"352,154",0,nan,0.00,0.00,"356,483",0,N/A,N/A,N/A
2024-07-19,CVNA,160.0,0,0,0,0,0,0,0,0,847,0,0,0,nan,0.00,0.00,847,0,N/A,N/A,N/A
2024-07-19,CVNA,170.0,0,0,0,0,0,0,0,0,0,0,"11,681",0,nan,0.00,0.00,"11,681",0,N/A,N/A,N/A
2024-07-19,DAL,42.0,0,0,0,0,0,628,0,"22,250",0,0,0,0,nan,0.00,0.00,0,"22,878",N/A,N/A,N/A
2024-07-19,DAL,43.0,0,0,0,0,0,0,0,0,0,0,"16,265",0,nan,0.00,0.00,"16,265",0,N/A,N/A,N/A
2024-07-19,DAL,43.5,0,0,0,0,0,0,0,0,"1,143",0,"4,864",0,nan,0.00,0.00,"6,007",0,N/A,N/A,N/A
2024-07-19,DAL,44.0,0,0,0,0,0,0,0,0,"2,359",0,0,0,nan,0.00,0.00,"2,359",0,N/A,N/A,N/A
2024-07-19,DAL,44.5,0,0,0,0,0,0,0,850,0,0,0,0,nan,0.00,0.00,0,850,N/A,N/A,N/A
2024-07-19,DAL,45.0,0,0,0,0,0,0,"15,599",0,0,0,0,0,nan,0.00,0.00,"15,599",0,N/A,N/A,N/A
2024-07-19,DAL,47.0,0,0,0,0,"13,930",0,0,0,0,0,0,0,nan,0.00,0.00,"13,930",0,N/A,N/A,N/A
2024-07-19,DJT,25.0,0,0,0,0,0,0,0,0,0,0,0,"2,501",nan,0.00,0.00,0,"2,501",N/A,N/A,N/A
2024-07-19,DJT,27.5,0,0,0,0,0,0,0,0,0,0,0,"1,637",nan,0.00,0.00,0,"1,637",N/A,N/A,N/A
2024-07-19,DJT,28.0,0,0,0,0,0,0,0,0,0,0,0,"7,591",nan,0.00,0.00,0,"7,591",N/A,N/A,N/A
2024-07-19,DJT,29.0,0,0,0,0,0,0,0,0,0,0,0,"1,138",nan,0.00,0.00,0,"1,138",N/A,N/A,N/A
2024-07-19,DJT,30.0,0,0,0,0,0,0,0,0,0,0,0,"50,604",nan,0.00,0.00,0,"50,604",N/A,N/A,N/A
2024-07-19,DJT,31.0,0,0,0,0,0,0,0,0,0,0,0,"12,014",nan,0.00,0.00,0,"12,014",N/A,N/A,N/A
2024-07-19,DJT,32.0,0,0,0,0,"2,288",0,0,0,"2,146",0,0,"25,151",nan,0.00,0.00,"4,434","25,151",N/A,N/A,N/A
2024-07-19,DJT,33.0,0,0,0,0,0,0,0,0,0,0,0,"18,041",nan,0.00,0.00,0,"18,041",N/A,N/A,N/A
2024-07-19,DJT,34.0,0,0,0,0,0,0,0,0,0,0,0,"1,445",nan,0.00,0.00,0,"1,445",N/A,N/A,N/A
2024-07-19,DJT,35.0,0,0,0,0,0,0,0,0,0,0,0,"135,610",nan,0.00,0.00,0,"135,610",N/A,N/A,N/A
2024-07-19,DJT,36.0,0,0,0,0,0,0,0,0,0,0,0,"20,270",nan,0.00,0.00,0,"20,270",N/A,N/A,N/A
2024-07-19,DJT,39.0,0,0,0,0,0,0,0,0,0,0,"8,708",0,nan,0.00,0.00,"8,708",0,N/A,N/A,N/A
2024-07-19,DJT,40.0,0,0,0,0,0,0,0,0,0,0,"55,220","191,231",nan,3.46,0.00,"55,220","191,231",N/A,N/A,N/A
2024-07-19,DJT,41.0,0,0,0,0,0,0,0,0,0,0,"76,319",0,nan,0.00,0.00,"76,319",0,N/A,N/A,N/A
2024-07-19,DJT,42.0,0,0,0,0,0,0,0,0,0,0,"79,538",0,nan,0.00,0.00,"79,538",0,N/A,N/A,N/A
2024-07-19,DJT,45.0,0,0,0,0,0,0,0,0,0,0,"181,779","9,942",nan,0.05,0.00,"181,779","9,942",N/A,N/A,N/A
2024-07-19,DJT,50.0,0,0,0,0,0,0,0,0,0,0,"781,300",0,nan,0.00,0.00,"781,300",0,N/A,N/A,N/A
2024-07-19,DJT,55.0,0,0,0,0,0,0,0,0,0,0,"136,711",0,nan,0.00,0.00,"136,711",0,N/A,N/A,N/A
2024-07-19,DJT,60.0,0,0,0,0,0,0,0,0,0,0,"269,080",0,nan,0.00,0.00,"269,080",0,N/A,N/A,N/A
2024-07-19,DJT,65.0,0,0,0,0,0,0,0,0,0,0,"70,791",0,nan,0.00,0.00,"70,791",0,N/A,N/A,N/A
2024-07-19,DJT,70.0,0,0,0,0,0,0,0,0,0,0,"200,579",0,nan,0.00,0.00,"200,579",0,N/A,N/A,N/A
2024-07-19,DJT,75.0,0,0,0,0,0,0,0,0,0,0,"50,702",0,nan,0.00,0.00,"50,702",0,N/A,N/A,N/A
2024-07-19,DJT,80.0,0,0,0,0,0,0,0,0,0,0,"440,313",0,nan,0.00,0.00,"440,313",0,N/A,N/A,N/A
2024-07-19,ENPH,85.0,0,0,0,"2,152",0,0,0,0,0,0,0,0,nan,0.00,0.00,0,"2,152",N/A,N/A,N/A
2024-07-19,ENPH,90.0,0,0,0,0,0,"4,297",0,0,0,0,0,0,nan,0.00,0.00,0,"4,297",N/A,N/A,N/A
2024-07-19,ENPH,110.0,"48,845",0,0,0,0,0,0,0,0,0,0,0,nan,0.00,0.00,"48,845",0,N/A,N/A,N/A
2024-07-19,ENPH,112.0,0,0,0,0,0,0,"2,964",0,0,0,"1,743",0,nan,0.00,0.00,"4,707",0,N/A,N/A,N/A
2024-07-19,ENPH,113.0,0,0,0,0,0,0,555,0,0,0,"12,855",0,nan,0.00,0.00,"13,410",0,N/A,N/A,N/A
2024-07-19,ENPH,114.0,0,0,0,0,0,0,657,0,0,0,"4,470",0,nan,0.00,0.00,"5,127",0,N/A,N/A,N/A
2024-07-19,ENPH,115.0,0,0,0,0,0,0,"71,449",0,0,0,0,0,nan,0.00,0.00,"71,449",0,N/A,N/A,N/A
2024-07-19,ENPH,116.0,0,0,0,0,0,0,0,0,510,0,"5,514",0,nan,0.00,0.00,"6,024",0,N/A,N/A,N/A
2024-07-19,ENPH,117.0,0,0,0,0,0,0,0,0,558,0,562,0,nan,0.00,0.00,"1,120",0,N/A,N/A,N/A
2024-07-19,ENPH,119.0,0,0,0,0,0,0,"2,716",0,0,0,"7,612",0,nan,0.00,0.00,"10,328",0,N/A,N/A,N/A
2024-07-19,ENPH,120.0,0,0,0,0,0,0,0,0,0,0,"4,456",0,nan,0.00,0.00,"4,456",0,N/A,N/A,N/A
2024-07-19,ENPH,125.0,0,0,0,0,0,0,"6,415",0,"9,804",0,"369,125",0,nan,0.00,0.00,"385,344",0,N/A,N/A,N/A
2024-07-19,F,13.0,0,"2,208",0,0,0,0,0,0,0,0,0,0,nan,0.00,0.00,0,"2,208",N/A,N/A,N/A
2024-07-19,F,13.5,0,0,0,0,"65,571",0,0,"6,351",0,0,0,0,nan,0.00,0.00,"65,571","6,351",N/A,N/A,N/A
2024-07-19,F,14.0,0,0,0,0,0,0,0,0,"104,650",0,0,0,nan,0.00,0.00,"104,650",0,N/A,N/A,N/A
2024-07-19,F,14.5,0,0,0,0,0,0,0,0,"16,749",0,"110,717","17,318",nan,0.16,0.00,"127,466","17,318",N/A,N/A,N/A
2024-07-19,F,15.0,0,0,0,0,0,0,0,0,0,0,0,"2,408",nan,0.00,0.00,0,"2,408",N/A,N/A,N/A
2024-07-19,FDX,305.0,0,0,0,0,0,0,0,0,"5,110",0,"39,527",0,nan,0.00,0.00,"44,637",0,N/A,N/A,N/A
2024-07-19,FDX,307.5,0,0,0,0,0,0,0,0,0,0,"37,624",0,nan,0.00,0.00,"37,624",0,N/A,N/A,N/A
2024-07-19,FSLR,215.0,0,0,0,0,0,0,0,0,0,0,"4,480",0,nan,0.00,0.00,"4,480",0,N/A,N/A,N/A
2024-07-19,FSLR,230.0,0,0,0,0,0,0,0,0,0,0,"1,116",0,nan,0.00,0.00,"1,116",0,N/A,N/A,N/A
2024-07-19,FSLR,250.0,0,0,0,0,"7,057",0,0,0,0,0,0,0,nan,0.00,0.00,"7,057",0,N/A,N/A,N/A
2024-07-19,FSLR,255.0,0,0,0,0,0,0,"2,704",0,0,0,0,0,nan,0.00,0.00,"2,704",0,N/A,N/A,N/A
2024-07-19,FSLR,270.0,0,0,0,0,0,0,"17,087",0,0,0,0,0,nan,0.00,0.00,"17,087",0,N/A,N/A,N/A
2024-07-19,GOOG,187.5,0,0,0,0,0,0,"2,159","2,937","6,476",0,0,"7,139",nan,0.00,0.00,"8,635","10,076",N/A,N/A,N/A
2024-07-19,GOOG,190.0,0,0,0,"1,746",0,0,0,0,0,0,0,0,nan,0.00,0.00,0,"1,746",N/A,N/A,N/A
2024-07-19,GOOG,192.5,0,0,0,0,0,0,0,0,"15,299",0,"109,220",0,nan,0.00,0.00,"124,519",0,N/A,N/A,N/A
2024-07-19,GOOG,197.5,0,0,0,0,"2,753",0,0,0,0,0,0,0,nan,0.00,0.00,"2,753",0,N/A,N/A,N/A
2024-07-19,GOOGL,182.5,0,0,0,0,0,0,0,0,0,"3,236",0,0,nan,0.00,0.00,0,"3,236",N/A,N/A,N/A
2024-07-19,GOOGL,185.0,0,0,0,0,0,0,0,0,0,0,0,"20,099",nan,0.00,0.00,0,"20,099",N/A,N/A,N/A
2024-07-19,GOOGL,187.5,0,0,0,0,0,0,"6,740",0,"17,410",0,"108,967",0,nan,0.00,0.00,"133,117",0,N/A,N/A,N/A
2024-07-19,GOOGL,192.5,0,0,0,0,"9,202",0,0,0,"24,839",0,0,0,nan,0.00,0.00,"34,041",0,N/A,N/A,N/A
2024-07-19,GOOGL,197.5,0,0,"43,327",0,0,0,0,0,0,0,0,0,nan,0.00,0.00,"43,327",0,N/A,N/A,N/A
2024-07-19,HOOD,21.5,0,"1,691",0,0,0,0,0,0,0,0,0,0,nan,0.00,0.00,0,"1,691",N/A,N/A,N/A
2024-07-19,HOOD,22.5,0,0,"2,189",0,0,0,0,0,"26,916",0,0,0,nan,0.00,0.00,"29,105",0,N/A,N/A,N/A
2024-07-19,HOOD,23.0,0,0,0,0,0,0,0,0,0,0,0,"2,783",nan,0.00,0.00,0,"2,783",N/A,N/A,N/A
2024-07-19,HOOD,23.5,0,0,"4,647",0,0,0,0,0,0,0,"59,107","13,725",nan,0.23,0.00,"63,754","13,725",N/A,N/A,N/A
2024-07-19,HOOD,24.0,0,0,0,0,0,0,0,0,0,0,"62,249",0,nan,0.00,0.00,"62,249",0,N/A,N/A,N/A
2024-07-19,HOOD,24.5,"19,776",0,0,0,0,0,0,0,0,0,0,0,nan,0.00,0.00,"19,776",0,N/A,N/A,N/A
2024-07-19,HOOD,25.5,0,0,0,0,0,0,0,0,0,0,"293,335",0,nan,0.00,0.00,"293,335",0,N/A,N/A,N/A
2024-07-19,LCID,3.5,0,0,0,0,0,0,0,0,"198,307","35,530",0,"29,007",nan,0.00,0.18,"198,307","64,537",N/A,N/A,N/A
2024-07-19,LCID,4.0,0,0,0,0,0,0,0,0,"391,801","21,019",0,0,nan,0.00,0.05,"391,801","21,019",N/A,N/A,N/A
2024-07-19,LCID,4.5,0,0,0,0,0,0,0,0,"71,815",0,0,0,nan,0.00,0.00,"71,815",0,N/A,N/A,N/A
2024-07-19,LCID,5.5,0,0,0,0,0,0,0,0,"9,683",0,0,0,nan,0.00,0.00,"9,683",0,N/A,N/A,N/A
2024-07-19,MARA,19.0,0,0,"5,455",0,0,0,0,0,0,0,0,0,nan,0.00,0.00,"5,455",0,N/A,N/A,N/A
2024-07-19,MARA,19.5,0,0,"5,208",0,0,0,0,"1,741",0,"30,973",0,0,nan,0.00,0.00,"5,208","32,714",N/A,N/A,N/A
2024-07-19,MARA,20.0,0,0,0,0,0,0,0,0,"283,132","5,865",0,0,nan,0.00,0.02,"283,132","5,865",N/A,N/A,N/A
2024-07-19,MARA,20.5,0,0,0,0,0,0,0,0,0,"2,150",0,"80,557",nan,0.00,0.00,0,"82,707",N/A,N/A,N/A
2024-07-19,MARA,21.5,0,0,0,0,0,0,0,0,0,0,0,"3,258",nan,0.00,0.00,0,"3,258",N/A,N/A,N/A
2024-07-19,MARA,22.0,0,0,0,0,0,0,0,0,"71,145",0,"197,099","103,643",nan,0.53,0.00,"268,244","103,643",N/A,N/A,N/A
2024-07-19,MARA,22.5,0,0,0,0,0,0,0,0,0,0,"88,849","12,402",nan,0.14,0.00,"88,849","12,402",N/A,N/A,N/A
2024-07-19,MARA,23.0,0,0,0,0,0,0,0,0,0,0,"199,983","55,394",nan,0.28,0.00,"199,983","55,394",N/A,N/A,N/A
2024-07-19,MARA,23.5,0,0,0,0,0,0,0,0,0,0,"70,522",0,nan,0.00,0.00,"70,522",0,N/A,N/A,N/A
2024-07-19,MARA,24.0,0,0,0,0,0,0,0,0,0,0,"114,099","40,861",nan,0.36,0.00,"114,099","40,861",N/A,N/A,N/A
2024-07-19,MARA,24.5,0,0,0,0,0,0,0,0,0,0,"75,778",0,nan,0.00,0.00,"75,778",0,N/A,N/A,N/A
2024-07-19,MARA,25.0,0,0,0,0,0,0,0,0,0,0,"164,702","1,558",nan,0.01,0.00,"164,702","1,558",N/A,N/A,N/A
2024-07-19,MARA,25.5,0,0,0,0,0,0,0,0,"1,151",0,"23,371",0,nan,0.00,0.00,"24,522",0,N/A,N/A,N/A
2024-07-19,MARA,26.0,0,0,0,0,0,0,0,0,0,0,"42,282",0,nan,0.00,0.00,"42,282",0,N/A,N/A,N/A
2024-07-19,MARA,27.0,0,0,0,0,0,0,0,0,0,0,"24,796",0,nan,0.00,0.00,"24,796",0,N/A,N/A,N/A
2024-07-19,MARA,28.0,0,0,0,0,0,0,0,0,0,0,"15,050",0,nan,0.00,0.00,"15,050",0,N/A,N/A,N/A
2024-07-19,MARA,29.0,0,0,0,0,0,0,0,0,0,0,"8,372",0,nan,0.00,0.00,"8,372",0,N/A,N/A,N/A
2024-07-19,MARA,31.0,0,0,0,0,0,0,0,0,0,0,"1,592",0,nan,0.00,0.00,"1,592",0,N/A,N/A,N/A
2024-07-19,META,492.5,0,0,0,0,0,0,0,722,0,"4,279","1,186","2,852",nan,2.40,0.00,"1,186","7,853",N/A,N/A,N/A
2024-07-19,META,495.0,0,0,0,0,0,0,0,0,0,"18,950",0,0,nan,0.00,0.00,0,"18,950",N/A,N/A,N/A
2024-07-19,META,497.5,0,0,0,0,0,0,0,"2,237","4,671","4,708","19,124","9,555",nan,0.50,1.01,"23,795","16,500",N/A,N/A,N/A
2024-07-19,META,500.0,0,0,0,0,0,0,0,0,"26,755",0,"121,200",0,nan,0.00,0.00,"147,955",0,N/A,N/A,N/A
2024-07-19,META,502.5,0,0,0,0,0,0,0,0,"39,587","4,600","13,310","3,942",nan,0.30,0.12,"52,897","8,542",N/A,N/A,N/A
2024-07-19,META,505.0,0,0,0,0,0,0,0,0,"86,454",0,"63,520",0,nan,0.00,0.00,"149,974",0,N/A,N/A,N/A
2024-07-19,META,507.5,0,0,0,0,0,0,0,0,"25,599",0,"12,646",0,nan,0.00,0.00,"38,245",0,N/A,N/A,N/A
2024-07-19,META,510.0,0,0,0,0,0,0,0,0,"49,819",0,"205,304",0,nan,0.00,0.00,"255,123",0,N/A,N/A,N/A
2024-07-19,META,512.5,0,0,0,0,0,0,"1,189","3,624","9,902",0,"1,979",0,nan,0.00,0.00,"13,070","3,624",N/A,N/A,N/A
2024-07-19,META,515.0,0,0,0,0,0,0,"10,423","6,383","6,233",0,"297,314",0,nan,0.00,0.00,"313,970","6,383",N/A,N/A,N/A
2024-07-19,META,517.5,0,0,0,0,0,0,0,0,"39,732",0,0,0,nan,0.00,0.00,"39,732",0,N/A,N/A,N/A
2024-07-19,META,520.0,0,0,0,0,0,0,0,0,"59,040",0,0,0,nan,0.00,0.00,"59,040",0,N/A,N/A,N/A
2024-07-19,META,522.5,0,0,0,0,0,"1,120","1,673","1,108",932,0,0,0,nan,0.00,0.00,"2,605","2,228",N/A,N/A,N/A
2024-07-19,META,525.0,0,0,0,0,0,0,"4,311",0,0,0,0,0,nan,0.00,0.00,"4,311",0,N/A,N/A,N/A
2024-07-19,META,530.0,0,0,0,0,0,0,"56,726",0,"49,869",0,"94,676",0,nan,0.00,0.00,"201,271",0,N/A,N/A,N/A
2024-07-19,META,535.0,0,0,0,0,"67,312",0,0,0,0,0,0,0,nan,0.00,0.00,"67,312",0,N/A,N/A,N/A
2024-07-19,META,540.0,0,0,0,0,0,"2,164",0,0,0,0,0,0,nan,0.00,0.00,0,"2,164",N/A,N/A,N/A
2024-07-19,META,545.0,0,0,0,0,0,0,"14,428",0,0,0,0,0,nan,0.00,0.00,"14,428",0,N/A,N/A,N/A
2024-07-19,META,550.0,0,0,0,0,"9,869",0,0,0,0,0,0,0,nan,0.00,0.00,"9,869",0,N/A,N/A,N/A
2024-07-19,MSFT,437.5,0,0,0,0,0,0,0,780,0,0,0,0,nan,0.00,0.00,0,780,N/A,N/A,N/A
2024-07-19,MSFT,442.5,0,0,0,0,0,0,0,0,0,"6,525",0,0,nan,0.00,0.00,0,"6,525",N/A,N/A,N/A
2024-07-19,MSFT,450.0,0,0,0,0,0,0,0,"5,097",0,0,0,0,nan,0.00,0.00,0,"5,097",N/A,N/A,N/A
2024-07-19,MSFT,452.5,0,0,0,0,0,0,"1,707",0,"14,953","6,150","5,869","3,081",nan,0.52,0.41,"22,529","9,231",N/A,N/A,N/A
2024-07-19,MSFT,455.0,0,0,0,0,0,0,0,0,0,"5,700",0,0,nan,0.00,0.00,0,"5,700",N/A,N/A,N/A
2024-07-19,MSFT,457.5,0,0,0,0,0,"14,591","8,651",0,"7,386",0,"4,394",0,nan,0.00,0.00,"20,431","14,591",N/A,N/A,N/A
2024-07-19,MSFT,460.0,0,0,0,0,0,"21,103",0,0,0,0,0,0,nan,0.00,0.00,0,"21,103",N/A,N/A,N/A
2024-07-19,MSFT,462.5,0,0,"11,136",0,"6,371",0,"17,916",0,0,0,0,0,nan,0.00,0.00,"35,423",0,N/A,N/A,N/A
2024-07-19,MSFT,465.0,0,0,0,0,"74,878","11,412",0,0,0,0,0,0,nan,0.00,0.00,"74,878","11,412",N/A,N/A,N/A
2024-07-19,MSFT,467.5,0,0,0,0,"61,567",0,0,0,0,0,0,0,nan,0.00,0.00,"61,567",0,N/A,N/A,N/A
2024-07-19,MSFT,470.0,0,0,0,0,"201,707",0,0,0,0,0,0,0,nan,0.00,0.00,"201,707",0,N/A,N/A,N/A
2024-07-19,MSFT,472.5,0,0,0,0,"3,054",0,0,0,0,0,0,0,nan,0.00,0.00,"3,054",0,N/A,N/A,N/A
2024-07-19,MSFT,487.5,0,0,"10,907",0,0,0,0,0,0,0,0,0,nan,0.00,0.00,"10,907",0,N/A,N/A,N/A
2024-07-19,MSTR,"1,300.0",0,0,0,0,0,0,0,0,0,745,0,0,nan,0.00,0.00,0,745,N/A,N/A,N/A
2024-07-19,MSTR,"1,500.0",0,0,0,0,0,0,0,0,0,0,0,623,nan,0.00,0.00,0,623,N/A,N/A,N/A
2024-07-19,MSTR,"1,600.0",0,0,0,0,0,0,"1,170",0,"8,358",0,"10,023",0,nan,0.00,0.00,"19,551",0,N/A,N/A,N/A
2024-07-19,MSTR,"1,650.0",0,0,0,0,0,0,0,0,0,0,"1,308",0,nan,0.00,0.00,"1,308",0,N/A,N/A,N/A
2024-07-19,MSTR,"1,700.0",0,0,0,0,0,0,0,0,728,0,"8,207",0,nan,0.00,0.00,"8,935",0,N/A,N/A,N/A
2024-07-19,MSTR,"1,750.0",0,0,0,0,0,0,0,0,0,0,"2,323",0,nan,0.00,0.00,"2,323",0,N/A,N/A,N/A
2024-07-19,MSTR,"1,800.0",0,0,0,0,0,0,0,0,0,0,"17,182",0,nan,0.00,0.00,"17,182",0,N/A,N/A,N/A
2024-07-19,MSTR,"1,900.0",0,0,0,0,0,0,0,0,0,0,"3,706",0,nan,0.00,0.00,"3,706",0,N/A,N/A,N/A
2024-07-19,MU,121.0,0,0,0,0,0,0,0,655,0,0,0,0,nan,0.00,0.00,0,655,N/A,N/A,N/A
2024-07-19,MU,133.0,0,0,0,0,"144,978",0,0,0,0,0,0,0,nan,0.00,0.00,"144,978",0,N/A,N/A,N/A
2024-07-19,MU,134.0,0,0,0,0,0,0,"1,684",0,0,0,"2,380",0,nan,0.00,0.00,"4,064",0,N/A,N/A,N/A
2024-07-19,MU,136.0,0,0,0,0,"1,309",0,0,0,0,0,"11,153",0,nan,0.00,0.00,"12,462",0,N/A,N/A,N/A
2024-07-19,MU,138.0,0,0,"3,441",0,0,0,0,0,0,0,0,0,nan,0.00,0.00,"3,441",0,N/A,N/A,N/A
2024-07-19,NKE,71.0,0,0,0,0,0,"1,336",0,0,0,0,0,0,nan,0.00,0.00,0,"1,336",N/A,N/A,N/A
2024-07-19,NKE,72.0,0,0,0,0,"7,394",0,0,0,0,0,"9,737",0,nan,0.00,0.00,"17,131",0,N/A,N/A,N/A
2024-07-19,NKE,73.0,0,0,0,0,0,0,"24,537",0,0,0,"37,983",0,nan,0.00,0.00,"62,520",0,N/A,N/A,N/A
2024-07-19,NKE,74.0,539,0,0,0,0,0,0,0,0,0,"4,637",0,nan,0.00,0.00,"5,176",0,N/A,N/A,N/A
2024-07-19,NKE,77.0,0,0,0,0,0,0,0,0,"5,675",0,0,0,nan,0.00,0.00,"5,675",0,N/A,N/A,N/A
2024-07-19,NKE,85.0,0,0,0,0,0,0,0,"1,189",0,0,0,0,nan,0.00,0.00,0,"1,189",N/A,N/A,N/A
2024-07-19,NKE,87.5,0,0,0,0,0,0,0,"1,842",0,0,0,0,nan,0.00,0.00,0,"1,842",N/A,N/A,N/A
2024-07-19,NVAX,14.0,0,0,0,0,0,0,0,0,0,0,"3,209",0,nan,0.00,0.00,"3,209",0,N/A,N/A,N/A
2024-07-19,NVAX,14.5,0,0,0,0,0,0,0,0,0,0,"2,347",0,nan,0.00,0.00,"2,347",0,N/A,N/A,N/A
2024-07-19,NVAX,15.0,0,0,0,0,0,0,0,0,0,0,"258,801",0,nan,0.00,0.00,"258,801",0,N/A,N/A,N/A
2024-07-19,NVAX,15.5,0,0,0,0,0,0,0,0,0,0,595,0,nan,0.00,0.00,595,0,N/A,N/A,N/A
2024-07-19,NVDA,124.0,0,0,0,0,0,0,0,"195,047",0,0,0,"308,207",nan,0.00,0.00,0,"503,254",N/A,N/A,N/A
2024-07-19,NVDA,125.0,0,0,0,0,0,0,0,"224,563",0,0,0,0,nan,0.00,0.00,0,"224,563",N/A,N/A,N/A
2024-07-19,NVDA,126.0,0,0,0,0,0,0,0,0,0,"15,137",0,"126,967",nan,0.00,0.00,0,"142,104",N/A,N/A,N/A
2024-07-19,NVDA,127.0,0,0,0,0,0,0,0,"168,761",0,"219,494",0,"327,097",nan,0.00,0.00,0,"715,352",N/A,N/A,N/A
2024-07-19,NVDA,128.0,0,0,0,"46,686",0,0,0,"164,881",0,"54,757","218,746","388,429",nan,1.78,0.00,"218,746","654,753",N/A,N/A,N/A
2024-07-19,NVDA,129.0,0,0,0,0,0,0,"73,551","48,429","62,627","156,688","465,579","311,290",nan,0.67,2.50,"601,757","516,407",N/A,N/A,N/A
2024-07-19,NVDA,130.0,0,0,0,0,0,0,0,"44,710",0,0,"1,882,030",0,nan,0.00,0.00,"1,882,030","44,710",N/A,N/A,N/A
2024-07-19,NVDA,131.0,0,0,"104,625",0,0,0,"177,965","19,878","284,057","14,856","1,002,604",0,nan,0.00,0.05,"1,569,251","34,734",N/A,N/A,N/A
2024-07-19,NVDA,132.0,0,0,"214,790",0,0,"11,487","337,576",0,"188,414",0,"628,723",0,nan,0.00,0.00,"1,369,503","11,487",N/A,N/A,N/A
2024-07-19,NVDA,133.0,0,0,"461,996",0,0,"169,404","352,867",0,"841,300",0,"1,153,073",0,nan,0.00,0.00,"2,809,236","169,404",N/A,N/A,N/A
2024-07-19,NVDA,134.0,0,0,0,0,"308,769","92,618","453,960",0,"139,666",0,"112,078",0,nan,0.00,0.00,"1,014,473","92,618",N/A,N/A,N/A
2024-07-19,NVDA,135.0,0,0,"808,822",0,0,0,"807,516",0,0,0,0,0,nan,0.00,0.00,"1,616,338",0,N/A,N/A,N/A
2024-07-19,NVDA,136.0,0,0,"628,848",0,0,0,0,0,"234,899",0,0,0,nan,0.00,0.00,"863,747",0,N/A,N/A,N/A
2024-07-19,NVDA,137.0,0,0,"29,278",0,"37,170",0,"213,865",0,"194,691",0,0,0,nan,0.00,0.00,"475,004",0,N/A,N/A,N/A
2024-07-19,NVDA,138.0,0,0,0,0,0,0,0,0,"26,808",0,0,0,nan,0.00,0.00,"26,808",0,N/A,N/A,N/A
2024-07-19,NVDA,142.0,0,0,0,0,"81,228",0,0,0,"22,937",0,0,0,nan,0.00,0.00,"104,165",0,N/A,N/A,N/A
2024-07-19,NVDA,143.0,0,0,0,0,0,0,0,0,"22,264",0,0,0,nan,0.00,0.00,"22,264",0,N/A,N/A,N/A
2024-07-19,QCOM,202.5,0,0,0,0,0,0,936,0,0,0,0,0,nan,0.00,0.00,936,0,N/A,N/A,N/A
2024-07-19,QCOM,215.0,0,0,0,0,0,0,0,0,0,0,"257,821",0,nan,0.00,0.00,"257,821",0,N/A,N/A,N/A
2024-07-19,QCOM,217.5,0,0,0,0,0,0,0,0,0,0,"1,428",0,nan,0.00,0.00,"1,428",0,N/A,N/A,N/A
2024-07-19,RBLX,39.5,0,0,0,0,0,0,0,0,0,705,0,0,nan,0.00,0.00,0,705,N/A,N/A,N/A
2024-07-19,RBLX,41.0,0,0,0,0,0,0,0,0,"3,207",0,"3,546",0,nan,0.00,0.00,"6,753",0,N/A,N/A,N/A
2024-07-19,RBLX,42.0,0,0,0,0,0,0,0,0,"6,617",0,"150,627",0,nan,0.00,0.00,"157,244",0,N/A,N/A,N/A
2024-07-19,RDDT,65.0,0,0,0,541,0,0,0,0,0,0,0,0,nan,0.00,0.00,0,541,N/A,N/A,N/A
2024-07-19,RDDT,78.0,0,0,0,0,0,0,0,0,0,0,501,0,nan,0.00,0.00,501,0,N/A,N/A,N/A
2024-07-19,RDDT,80.0,0,0,0,0,0,0,0,0,"16,330",0,"76,279",0,nan,0.00,0.00,"92,609",0,N/A,N/A,N/A
2024-07-19,RDDT,85.0,0,0,"28,241",0,0,0,0,0,0,0,0,0,nan,0.00,0.00,"28,241",0,N/A,N/A,N/A
2024-07-19,RIOT,10.5,"1,651",0,0,0,0,0,0,0,0,0,"94,268","5,207",nan,0.06,0.00,"95,919","5,207",N/A,N/A,N/A
2024-07-19,RIOT,11.0,0,0,0,0,0,0,0,0,0,0,0,"9,812",nan,0.00,0.00,0,"9,812",N/A,N/A,N/A
2024-07-19,RIOT,11.5,0,0,0,0,0,0,0,0,0,0,"112,734",0,nan,0.00,0.00,"112,734",0,N/A,N/A,N/A
2024-07-19,RIOT,12.5,0,0,0,0,0,0,0,0,0,0,"16,096",0,nan,0.00,0.00,"16,096",0,N/A,N/A,N/A
2024-07-19,RIVN,16.0,"31,201",0,0,0,0,"12,949",0,0,0,"14,639",0,0,nan,0.00,0.00,"31,201","27,588",N/A,N/A,N/A
2024-07-19,RIVN,16.5,0,0,"8,849",0,"50,414","11,417","10,229","9,885",0,"78,574",0,0,nan,0.00,0.00,"69,492","99,876",N/A,N/A,N/A
2024-07-19,RIVN,17.0,0,0,0,0,"36,666",0,"32,175","1,007",0,"81,360",0,"28,676",nan,0.00,0.00,"68,841","111,043",N/A,N/A,N/A
2024-07-19,RIVN,17.5,0,0,0,0,0,0,0,0,0,"22,319",0,0,nan,0.00,0.00,0,"22,319",N/A,N/A,N/A
2024-07-19,RIVN,18.0,0,0,0,0,0,0,0,0,"37,643","223,942","119,487",0,nan,0.00,5.95,"157,130","223,942",N/A,N/A,N/A
2024-07-19,RIVN,18.5,0,0,0,0,0,0,0,0,"86,051",0,"19,408",0,nan,0.00,0.00,"105,459",0,N/A,N/A,N/A
2024-07-19,RIVN,19.0,0,0,0,0,0,0,"3,838",0,"194,183",0,0,0,nan,0.00,0.00,"198,021",0,N/A,N/A,N/A
2024-07-19,RIVN,19.5,0,0,0,0,0,0,0,0,"164,668",0,0,0,nan,0.00,0.00,"164,668",0,N/A,N/A,N/A
2024-07-19,RIVN,20.0,0,0,0,0,0,0,0,0,"526,344",0,0,0,nan,0.00,0.00,"526,344",0,N/A,N/A,N/A
2024-07-19,RIVN,21.0,0,0,0,0,0,0,0,0,"114,392",0,0,0,nan,0.00,0.00,"114,392",0,N/A,N/A,N/A
2024-07-19,RIVN,22.0,0,0,0,0,0,0,0,0,"36,255",0,0,0,nan,0.00,0.00,"36,255",0,N/A,N/A,N/A
2024-07-19,SMCI,830.0,0,0,0,0,0,0,0,0,0,0,0,"1,702",nan,0.00,0.00,0,"1,702",N/A,N/A,N/A
2024-07-19,SMCI,840.0,0,0,0,0,0,0,0,0,0,"11,750",0,"22,032",nan,0.00,0.00,0,"33,782",N/A,N/A,N/A
2024-07-19,SMCI,850.0,0,0,0,0,0,0,0,0,0,0,0,"50,183",nan,0.00,0.00,0,"50,183",N/A,N/A,N/A
2024-07-19,SMCI,870.0,0,0,0,0,0,0,0,0,0,0,0,"3,708",nan,0.00,0.00,0,"3,708",N/A,N/A,N/A
2024-07-19,SMCI,875.0,0,0,0,0,0,0,0,0,0,0,0,581,nan,0.00,0.00,0,581,N/A,N/A,N/A
2024-07-19,SMCI,880.0,0,0,0,0,0,0,"1,192",0,0,"1,915",0,"5,302",nan,0.00,0.00,"1,192","7,217",N/A,N/A,N/A
2024-07-19,SMCI,885.0,0,0,0,0,0,0,0,0,0,0,0,"4,461",nan,0.00,0.00,0,"4,461",N/A,N/A,N/A
2024-07-19,SMCI,890.0,0,"2,123",0,0,0,0,0,0,0,"1,940","2,696","13,422",nan,4.98,0.00,"2,696","17,485",N/A,N/A,N/A
2024-07-19,SMCI,895.0,0,0,0,0,0,0,0,0,0,0,"1,739","2,533",nan,1.46,0.00,"1,739","2,533",N/A,N/A,N/A
2024-07-19,SMCI,900.0,0,0,0,0,0,"1,423",0,0,0,"5,011","26,041","85,625",nan,3.29,0.00,"26,041","92,059",N/A,N/A,N/A
2024-07-19,SMCI,905.0,0,0,0,0,0,0,0,0,655,0,"3,066",530,nan,0.17,0.00,"3,721",530,N/A,N/A,N/A
2024-07-19,SMCI,910.0,0,0,"3,242",0,"1,097",0,0,0,"11,446","3,352","9,342","7,406",nan,0.79,0.29,"25,127","10,758",N/A,N/A,N/A
2024-07-19,SMCI,915.0,0,0,525,0,0,0,0,0,"2,467",0,"14,848",0,nan,0.00,0.00,"17,840",0,N/A,N/A,N/A
2024-07-19,SMCI,920.0,0,0,0,0,0,0,0,0,"11,914","1,523","46,252","3,039",nan,0.07,0.13,"58,166","4,562",N/A,N/A,N/A
2024-07-19,SMCI,925.0,0,0,0,0,0,0,0,0,0,0,"27,228",0,nan,0.00,0.00,"27,228",0,N/A,N/A,N/A
2024-07-19,SMCI,930.0,0,0,0,0,0,0,0,0,"2,017",0,"13,069",0,nan,0.00,0.00,"15,086",0,N/A,N/A,N/A
2024-07-19,SMCI,940.0,0,0,0,0,0,0,0,0,0,0,"45,174",0,nan,0.00,0.00,"45,174",0,N/A,N/A,N/A
2024-07-19,SMCI,945.0,0,0,0,0,0,0,0,0,0,0,"9,250",0,nan,0.00,0.00,"9,250",0,N/A,N/A,N/A
2024-07-19,SMCI,950.0,"5,780",0,"5,270",0,"7,090",0,0,0,"56,509",0,"140,384","1,574",nan,0.01,0.00,"215,033","1,574",N/A,N/A,N/A
2024-07-19,SMCI,960.0,0,0,0,0,0,0,0,0,0,0,"25,928",0,nan,0.00,0.00,"25,928",0,N/A,N/A,N/A
2024-07-19,SMCI,970.0,0,0,0,0,0,0,0,0,0,0,"7,267",0,nan,0.00,0.00,"7,267",0,N/A,N/A,N/A
2024-07-19,SMCI,975.0,0,0,0,0,0,0,0,0,0,0,"3,944",0,nan,0.00,0.00,"3,944",0,N/A,N/A,N/A
2024-07-19,SMCI,980.0,0,0,0,0,0,0,0,0,0,0,"3,758",0,nan,0.00,0.00,"3,758",0,N/A,N/A,N/A
2024-07-19,SMCI,990.0,0,0,0,0,0,0,0,0,0,0,"6,606",0,nan,0.00,0.00,"6,606",0,N/A,N/A,N/A
2024-07-19,SMCI,"1,000.0",0,0,0,0,0,0,0,0,"28,221",0,"314,237",0,nan,0.00,0.00,"342,458",0,N/A,N/A,N/A
2024-07-19,SMCI,"1,030.0",0,0,0,0,0,0,0,0,0,0,"1,023",0,nan,0.00,0.00,"1,023",0,N/A,N/A,N/A
2024-07-19,SMCI,"1,050.0",0,0,0,0,0,0,0,0,0,0,"100,113",0,nan,0.00,0.00,"100,113",0,N/A,N/A,N/A
2024-07-19,SMCI,"1,080.0",0,0,0,0,0,0,0,0,0,0,"8,945",0,nan,0.00,0.00,"8,945",0,N/A,N/A,N/A
2024-07-19,SMCI,"1,100.0",0,0,"2,103",0,0,0,0,0,0,0,"80,662",0,nan,0.00,0.00,"82,765",0,N/A,N/A,N/A
2024-07-19,SMCI,"1,150.0",0,0,0,0,0,0,0,0,0,0,"1,706",0,nan,0.00,0.00,"1,706",0,N/A,N/A,N/A
2024-07-19,SOFI,7.5,0,0,0,0,0,0,0,0,0,0,"434,358","6,209",nan,0.01,0.00,"434,358","6,209",N/A,N/A,N/A
2024-07-19,SOUN,4.5,0,0,0,0,"80,340",0,0,0,0,0,0,0,nan,0.00,0.00,"80,340",0,N/A,N/A,N/A
2024-07-19,SOUN,5.5,0,0,0,0,0,0,0,"4,665",0,"2,393",0,"2,811",nan,0.00,0.00,0,"9,869",N/A,N/A,N/A
2024-07-19,SOUN,6.0,0,0,0,0,0,0,"764,105",0,0,0,0,0,nan,0.00,0.00,"764,105",0,N/A,N/A,N/A
2024-07-19,SOUN,6.5,0,0,0,0,0,0,"89,993",0,"41,961",0,"7,716",0,nan,0.00,0.00,"139,670",0,N/A,N/A,N/A
2024-07-19,SOUN,7.5,0,0,0,0,0,0,0,0,"5,008",0,0,0,nan,0.00,0.00,"5,008",0,N/A,N/A,N/A
2024-07-19,SQ,64.0,0,0,0,0,"1,587",0,0,0,0,0,0,0,nan,0.00,0.00,"1,587",0,N/A,N/A,N/A
2024-07-19,SQ,67.0,0,0,0,0,0,0,0,0,0,"3,755",0,0,nan,0.00,0.00,0,"3,755",N/A,N/A,N/A
2024-07-19,SQ,69.0,0,0,0,0,0,0,0,0,"14,052",0,0,"7,512",nan,0.00,0.00,"14,052","7,512",N/A,N/A,N/A
2024-07-19,SQ,71.0,0,0,0,0,0,0,0,0,"83,812",0,0,"7,839",nan,0.00,0.00,"83,812","7,839",N/A,N/A,N/A
2024-07-19,SQ,72.0,0,0,0,0,0,0,0,0,"22,777",0,"39,272",0,nan,0.00,0.00,"62,049",0,N/A,N/A,N/A
2024-07-19,SQ,72.5,0,0,0,0,0,0,0,0,0,0,"5,821",0,nan,0.00,0.00,"5,821",0,N/A,N/A,N/A
2024-07-19,SQ,73.0,0,0,0,0,0,0,0,0,"1,880",0,"3,930",0,nan,0.00,0.00,"5,810",0,N/A,N/A,N/A
2024-07-19,SQ,74.0,0,0,0,0,0,0,0,0,0,0,"12,582",0,nan,0.00,0.00,"12,582",0,N/A,N/A,N/A
2024-07-19,UPST,24.5,0,0,0,0,534,0,0,0,0,0,0,0,nan,0.00,0.00,534,0,N/A,N/A,N/A
2024-07-19,UPST,26.0,0,0,0,0,"9,466",0,"7,225","1,775",0,0,0,0,nan,0.00,0.00,"16,691","1,775",N/A,N/A,N/A
2024-07-19,UPST,26.5,0,0,0,0,0,0,"3,513",0,0,0,0,0,nan,0.00,0.00,"3,513",0,N/A,N/A,N/A
2024-07-19,UPST,27.0,0,0,0,0,0,0,"7,340",0,"3,097",524,0,0,nan,0.00,0.17,"10,437",524,N/A,N/A,N/A
2024-07-19,UPST,28.0,0,0,0,0,0,0,"30,697",0,0,0,0,"1,433",nan,0.00,0.00,"30,697","1,433",N/A,N/A,N/A
2024-07-19,UPST,28.5,0,0,0,0,0,0,0,0,0,0,"1,905",0,nan,0.00,0.00,"1,905",0,N/A,N/A,N/A
2024-07-19,UPST,29.0,0,0,0,0,0,0,"1,897",0,0,0,0,0,nan,0.00,0.00,"1,897",0,N/A,N/A,N/A
2024-07-19,UPST,30.0,0,0,0,0,0,0,0,0,0,0,"222,637","22,999",nan,0.10,0.00,"222,637","22,999",N/A,N/A,N/A
2024-07-19,UPST,31.0,0,0,0,0,0,0,0,0,0,0,"39,046",0,nan,0.00,0.00,"39,046",0,N/A,N/A,N/A
2024-07-19,UPST,32.0,0,0,0,0,0,0,0,0,0,0,"27,346",0,nan,0.00,0.00,"27,346",0,N/A,N/A,N/A
2024-07-19,UPST,33.0,0,0,0,0,0,0,0,0,0,0,"2,189",0,nan,0.00,0.00,"2,189",0,N/A,N/A,N/A
2024-07-19,UPST,35.0,0,0,0,0,0,0,0,0,0,0,"16,806",0,nan,0.00,0.00,"16,806",0,N/A,N/A,N/A
2024-07-19,UPST,40.0,0,0,0,0,0,0,0,0,0,0,"7,327",0,nan,0.00,0.00,"7,327",0,N/A,N/A,N/A
2024-07-19,W,56.0,0,0,0,0,0,0,0,0,0,0,"11,783",0,nan,0.00,0.00,"11,783",0,N/A,N/A,N/A
2024-07-19,W,57.0,0,0,0,0,0,0,"4,601",0,"1,368",0,0,0,nan,0.00,0.00,"5,969",0,N/A,N/A,N/A
2024-07-19,W,58.0,0,0,0,0,0,0,0,0,"20,821",0,0,0,nan,0.00,0.00,"20,821",0,N/A,N/A,N/A
2024-07-19,W,60.0,0,0,0,0,0,0,0,0,"2,261",0,0,0,nan,0.00,0.00,"2,261",0,N/A,N/A,N/A
2024-07-19,WM,212.5,0,0,0,0,"11,256",0,0,0,0,0,0,0,nan,0.00,0.00,"11,256",0,N/A,N/A,N/A
2024-07-19,WM,217.5,0,0,0,0,0,0,0,0,0,0,"26,750",0,nan,0.00,0.00,"26,750",0,N/A,N/A,N/A
2024-07-19,ZM,58.0,0,0,0,0,0,0,"1,226",0,0,0,0,0,nan,0.00,0.00,"1,226",0,N/A,N/A,N/A
2024-07-19,ZM,59.0,0,0,0,0,0,0,0,0,0,0,"2,907",0,nan,0.00,0.00,"2,907",0,N/A,N/A,N/A
2024-07-19,ZM,60.0,0,0,0,0,0,0,0,0,0,0,"138,899",0,nan,0.00,0.00,"138,899",0,N/A,N/A,N/A
2024-07-19,ZS,205.0,0,0,0,0,0,0,0,0,598,0,0,0,nan,0.00,0.00,598,0,N/A,N/A,N/A
2024-07-19,ZS,210.0,0,0,0,0,0,0,0,0,0,0,"79,193",0,nan,0.00,0.00,"79,193",0,N/A,N/A,N/A
2024-07-19,ZS,215.0,0,0,0,0,0,0,0,0,552,0,"66,241",0,nan,0.00,0.00,"66,793",0,N/A,N/A,N/A
2024-07-19,ZS,220.0,0,0,0,0,0,0,0,0,0,0,"1,271",0,nan,0.00,0.00,"1,271",0,N/A,N/A,N/A
2024-07-26,AAPL,212.5,0,0,0,0,0,0,0,"1,893",0,0,0,0,nan,0.00,0.00,0,"1,893",N/A,N/A,N/A
2024-07-26,AAPL,222.5,0,0,0,"293,030",0,0,0,0,0,0,0,0,nan,0.00,0.00,0,"293,030",N/A,N/A,N/A
2024-07-26,AAPL,225.0,0,0,0,"20,563",0,0,0,0,0,"11,242",0,0,nan,0.00,0.00,0,"31,805",N/A,N/A,N/A
2024-07-26,AAPL,227.5,0,0,"8,245","6,795",0,0,"15,234",0,0,0,0,"10,618",nan,0.00,0.00,"23,479","17,413",N/A,N/A,N/A
2024-07-26,AAPL,230.0,0,0,0,0,0,0,0,0,0,"23,108",0,"19,096",nan,0.00,0.00,0,"42,204",N/A,N/A,N/A
2024-07-26,AAPL,232.5,0,0,"1,169",0,0,0,0,0,"16,199","5,153",0,"21,379",nan,0.00,0.32,"17,368","26,532",N/A,N/A,N/A
2024-07-26,AAPL,235.0,0,0,0,0,0,0,0,0,0,0,"85,351","21,127",nan,0.25,0.00,"85,351","21,127",N/A,N/A,N/A
2024-07-26,AAPL,237.5,0,0,0,0,0,0,"3,238",0,0,0,"127,217",0,nan,0.00,0.00,"130,455",0,N/A,N/A,N/A
2024-07-26,AAPL,240.0,0,0,0,0,0,0,0,0,0,0,"206,474",0,nan,0.00,0.00,"206,474",0,N/A,N/A,N/A
2024-07-26,AAPL,242.5,0,0,0,0,0,0,"2,325",0,0,0,"47,848",0,nan,0.00,0.00,"50,173",0,N/A,N/A,N/A
2024-07-26,AAPL,245.0,0,0,0,0,0,0,0,0,0,0,"36,219",0,nan,0.00,0.00,"36,219",0,N/A,N/A,N/A
2024-07-26,AAPL,247.5,0,0,0,0,0,0,0,0,0,0,"14,552",0,nan,0.00,0.00,"14,552",0,N/A,N/A,N/A
2024-07-26,AAPL,252.5,0,0,0,0,0,0,0,0,0,0,"2,025",0,nan,0.00,0.00,"2,025",0,N/A,N/A,N/A
2024-07-26,AAPL,255.0,0,0,0,0,0,0,0,0,0,0,"1,516",0,nan,0.00,0.00,"1,516",0,N/A,N/A,N/A
2024-07-26,AFRM,30.5,0,0,0,0,0,0,0,0,0,0,"7,236",0,nan,0.00,0.00,"7,236",0,N/A,N/A,N/A
2024-07-26,AFRM,31.0,0,0,0,0,0,0,0,0,536,0,0,0,nan,0.00,0.00,536,0,N/A,N/A,N/A
2024-07-26,AFRM,31.5,0,0,0,0,0,0,0,0,0,0,"2,290",0,nan,0.00,0.00,"2,290",0,N/A,N/A,N/A
2024-07-26,AFRM,32.0,0,0,0,0,0,0,0,0,0,0,"13,265",0,nan,0.00,0.00,"13,265",0,N/A,N/A,N/A
2024-07-26,AFRM,35.0,0,0,0,0,0,0,0,0,0,0,"22,664",0,nan,0.00,0.00,"22,664",0,N/A,N/A,N/A
2024-07-26,AI,30.0,0,0,0,0,0,0,0,0,0,0,"7,457",0,nan,0.00,0.00,"7,457",0,N/A,N/A,N/A
2024-07-26,AI,31.0,0,0,0,0,0,0,"3,504",0,"44,496",0,0,0,nan,0.00,0.00,"48,000",0,N/A,N/A,N/A
2024-07-26,AI,31.5,0,0,0,0,0,0,0,0,0,0,614,0,nan,0.00,0.00,614,0,N/A,N/A,N/A
2024-07-26,AI,32.0,0,0,0,0,0,0,0,0,0,0,"1,979",0,nan,0.00,0.00,"1,979",0,N/A,N/A,N/A
2024-07-26,AMD,172.5,0,0,0,0,0,0,0,0,0,0,0,"2,826",nan,0.00,0.00,0,"2,826",N/A,N/A,N/A
2024-07-26,AMD,175.0,"17,291",0,0,0,0,0,0,0,0,0,0,0,nan,0.00,0.00,"17,291",0,N/A,N/A,N/A
2024-07-26,AMD,177.5,0,0,"20,816",0,0,0,0,0,0,0,0,0,nan,0.00,0.00,"20,816",0,N/A,N/A,N/A
2024-07-26,AMD,180.0,"157,779",0,0,0,0,0,0,0,0,0,0,0,nan,0.00,0.00,"157,779",0,N/A,N/A,N/A
2024-07-26,AMD,182.5,0,0,"3,189",0,0,0,"4,874",0,"2,149",632,"30,985","5,865",nan,0.19,0.29,"41,197","6,497",N/A,N/A,N/A
2024-07-26,AMD,185.0,0,0,"4,392",0,0,0,"31,967",0,0,"2,263","29,514",0,nan,0.00,0.00,"65,873","2,263",N/A,N/A,N/A
2024-07-26,AMD,187.5,0,0,0,0,0,0,"1,187",0,"8,914",0,"3,563",0,nan,0.00,0.00,"13,664",0,N/A,N/A,N/A
2024-07-26,AMD,190.0,0,0,0,0,0,0,0,0,"19,796",0,"135,383",0,nan,0.00,0.00,"155,179",0,N/A,N/A,N/A
2024-07-26,AMD,192.5,0,0,0,0,0,0,0,0,0,0,"2,232",0,nan,0.00,0.00,"2,232",0,N/A,N/A,N/A
2024-07-26,AMD,195.0,0,0,0,0,0,0,"6,346",0,0,0,0,0,nan,0.00,0.00,"6,346",0,N/A,N/A,N/A
2024-07-26,AMD,197.5,0,0,0,0,0,0,0,0,0,0,"4,527",0,nan,0.00,0.00,"4,527",0,N/A,N/A,N/A
2024-07-26,AMZN,187.5,0,0,0,0,0,0,0,0,0,0,0,"1,361",nan,0.00,0.00,0,"1,361",N/A,N/A,N/A
2024-07-26,AMZN,192.5,0,0,0,0,0,0,0,0,0,0,"28,336","3,166",nan,0.11,0.00,"28,336","3,166",N/A,N/A,N/A
2024-07-26,AMZN,195.0,0,0,0,0,0,0,0,0,0,0,"67,322",0,nan,0.00,0.00,"67,322",0,N/A,N/A,N/A
2024-07-26,AMZN,197.5,0,0,0,0,0,0,"2,036",0,"12,599",0,"58,914",0,nan,0.00,0.00,"73,549",0,N/A,N/A,N/A
2024-07-26,AMZN,200.0,0,0,0,0,0,0,0,0,0,0,"80,221",0,nan,0.00,0.00,"80,221",0,N/A,N/A,N/A
2024-07-26,AMZN,202.5,0,0,554,0,0,0,"6,741",0,0,0,"4,053",0,nan,0.00,0.00,"11,348",0,N/A,N/A,N/A
2024-07-26,C,64.0,0,0,0,0,0,0,0,0,0,0,"16,074",0,nan,0.00,0.00,"16,074",0,N/A,N/A,N/A
2024-07-26,C,65.0,0,0,0,0,0,0,0,0,"4,984",0,"6,681",0,nan,0.00,0.00,"11,665",0,N/A,N/A,N/A
2024-07-26,C,66.0,0,0,0,0,0,0,"1,744",0,0,0,0,0,nan,0.00,0.00,"1,744",0,N/A,N/A,N/A
2024-07-26,C,67.0,0,0,0,0,0,0,0,0,641,0,0,0,nan,0.00,0.00,641,0,N/A,N/A,N/A
2024-07-26,CLSK,16.5,0,0,0,0,0,0,0,0,"1,042",0,0,"1,009",nan,0.00,0.00,"1,042","1,009",N/A,N/A,N/A
2024-07-26,CLSK,17.0,0,0,0,0,0,0,0,0,0,0,"2,056",620,nan,0.30,0.00,"2,056",620,N/A,N/A,N/A
2024-07-26,CLSK,17.5,0,0,0,0,0,0,0,0,0,0,852,693,nan,0.81,0.00,852,693,N/A,N/A,N/A
2024-07-26,CLSK,18.5,0,0,0,0,0,0,0,0,0,0,"21,944",0,nan,0.00,0.00,"21,944",0,N/A,N/A,N/A
2024-07-26,CLSK,19.0,0,0,0,0,0,0,0,0,0,0,"11,446",0,nan,0.00,0.00,"11,446",0,N/A,N/A,N/A
2024-07-26,COIN,205.0,0,0,0,0,0,0,0,0,0,0,0,678,nan,0.00,0.00,0,678,N/A,N/A,N/A
2024-07-26,COIN,220.0,0,0,515,0,0,0,0,0,0,0,0,0,nan,0.00,0.00,515,0,N/A,N/A,N/A
2024-07-26,COIN,230.0,0,0,0,0,"17,050",0,0,0,0,0,"3,238","3,475",nan,1.07,0.00,"20,288","3,475",N/A,N/A,N/A
2024-07-26,COIN,240.0,0,0,0,0,0,0,0,0,0,0,"80,359",0,nan,0.00,0.00,"80,359",0,N/A,N/A,N/A
2024-07-26,COIN,242.5,0,0,0,0,0,0,0,0,0,0,688,0,nan,0.00,0.00,688,0,N/A,N/A,N/A
2024-07-26,COIN,245.0,0,0,0,0,0,0,0,0,0,0,"7,999",0,nan,0.00,0.00,"7,999",0,N/A,N/A,N/A
2024-07-26,COIN,250.0,0,0,0,0,0,0,0,0,0,0,"76,487",0,nan,0.00,0.00,"76,487",0,N/A,N/A,N/A
2024-07-26,COIN,260.0,0,0,0,0,0,0,0,0,0,0,"8,617",0,nan,0.00,0.00,"8,617",0,N/A,N/A,N/A
2024-07-26,COIN,265.0,0,0,0,0,0,0,0,0,0,0,605,0,nan,0.00,0.00,605,0,N/A,N/A,N/A
2024-07-26,COIN,270.0,0,0,0,0,0,0,0,0,0,0,"180,764",0,nan,0.00,0.00,"180,764",0,N/A,N/A,N/A
2024-07-26,COIN,280.0,0,0,0,0,0,0,0,0,0,0,586,0,nan,0.00,0.00,586,0,N/A,N/A,N/A
2024-07-26,COIN,300.0,0,0,0,0,0,0,0,0,0,0,"5,416",0,nan,0.00,0.00,"5,416",0,N/A,N/A,N/A
2024-07-26,COST,880.0,0,0,0,0,0,0,622,0,0,0,0,0,nan,0.00,0.00,622,0,N/A,N/A,N/A
2024-07-26,CVNA,135.0,0,0,0,0,0,0,"8,404",0,0,0,0,0,nan,0.00,0.00,"8,404",0,N/A,N/A,N/A
2024-07-26,CVNA,140.0,0,0,0,0,0,0,0,0,"21,959",0,0,0,nan,0.00,0.00,"21,959",0,N/A,N/A,N/A
2024-07-26,CVNA,145.0,0,0,0,0,0,0,0,0,"1,162",0,"27,918",0,nan,0.00,0.00,"29,080",0,N/A,N/A,N/A
2024-07-26,CVNA,200.0,0,0,0,0,0,0,0,0,0,0,"13,379",0,nan,0.00,0.00,"13,379",0,N/A,N/A,N/A
2024-07-26,DAL,44.0,0,0,0,0,0,0,0,0,636,0,0,0,nan,0.00,0.00,636,0,N/A,N/A,N/A
2024-07-26,DAL,47.0,0,0,501,0,0,0,0,0,0,0,0,0,nan,0.00,0.00,501,0,N/A,N/A,N/A
2024-07-26,DJT,20.0,0,0,0,0,0,0,0,0,0,0,0,"2,350",nan,0.00,0.00,0,"2,350",N/A,N/A,N/A
2024-07-26,DJT,30.0,0,0,0,0,0,0,0,0,0,0,0,"1,208",nan,0.00,0.00,0,"1,208",N/A,N/A,N/A
2024-07-26,DJT,35.0,0,0,0,0,0,0,0,0,0,0,0,"3,656",nan,0.00,0.00,0,"3,656",N/A,N/A,N/A
2024-07-26,DJT,36.0,0,0,0,0,0,0,0,0,0,0,"4,321",0,nan,0.00,0.00,"4,321",0,N/A,N/A,N/A
2024-07-26,DJT,45.0,0,0,0,0,0,0,0,0,0,0,"16,467",0,nan,0.00,0.00,"16,467",0,N/A,N/A,N/A
2024-07-26,DJT,50.0,0,0,0,0,0,0,0,0,0,0,"27,119",0,nan,0.00,0.00,"27,119",0,N/A,N/A,N/A
2024-07-26,DJT,55.0,0,0,0,0,0,0,0,0,0,0,"18,081",0,nan,0.00,0.00,"18,081",0,N/A,N/A,N/A
2024-07-26,F,13.0,0,0,0,0,0,0,0,"7,880",0,0,0,0,nan,0.00,0.00,0,"7,880",N/A,N/A,N/A
2024-07-26,F,13.5,0,0,0,0,0,0,0,0,0,"7,973",0,0,nan,0.00,0.00,0,"7,973",N/A,N/A,N/A
2024-07-26,F,14.0,0,0,0,0,0,0,"130,318",0,0,0,0,0,nan,0.00,0.00,"130,318",0,N/A,N/A,N/A
2024-07-26,F,14.5,0,0,0,0,0,0,0,0,"6,120",0,0,0,nan,0.00,0.00,"6,120",0,N/A,N/A,N/A
2024-07-26,F,15.0,0,0,0,0,0,0,0,0,"6,874",0,0,0,nan,0.00,0.00,"6,874",0,N/A,N/A,N/A
2024-07-26,GOOG,170.0,0,0,0,0,0,0,535,0,0,0,0,0,nan,0.00,0.00,535,0,N/A,N/A,N/A
2024-07-26,GOOG,187.5,0,0,0,0,0,0,0,829,0,0,0,0,nan,0.00,0.00,0,829,N/A,N/A,N/A
2024-07-26,GOOG,192.5,0,0,0,0,"1,787",0,0,0,0,0,0,0,nan,0.00,0.00,"1,787",0,N/A,N/A,N/A
2024-07-26,GOOGL,170.0,0,0,0,0,0,"22,914",0,0,0,0,0,0,nan,0.00,0.00,0,"22,914",N/A,N/A,N/A
2024-07-26,GOOGL,185.0,0,0,0,"1,550",0,0,0,0,0,0,0,0,nan,0.00,0.00,0,"1,550",N/A,N/A,N/A
2024-07-26,GOOGL,187.5,0,0,0,0,0,0,0,0,"2,904",0,"8,453",0,nan,0.00,0.00,"11,357",0,N/A,N/A,N/A
2024-07-26,GOOGL,190.0,0,0,0,0,0,"1,887",0,0,0,0,0,0,nan,0.00,0.00,0,"1,887",N/A,N/A,N/A
2024-07-26,HOOD,25.5,0,0,0,0,0,0,0,0,0,0,"3,354",0,nan,0.00,0.00,"3,354",0,N/A,N/A,N/A
2024-07-26,HOOD,26.0,0,0,0,0,0,0,0,0,0,0,"51,207",0,nan,0.00,0.00,"51,207",0,N/A,N/A,N/A
2024-07-26,LCID,4.0,0,0,0,0,0,0,0,0,0,0,0,"8,202",nan,0.00,0.00,0,"8,202",N/A,N/A,N/A
2024-07-26,LCID,4.5,0,0,0,0,0,0,0,0,0,0,"7,152",0,nan,0.00,0.00,"7,152",0,N/A,N/A,N/A
2024-07-26,LCID,5.0,0,0,0,0,0,0,0,0,"6,553",0,0,0,nan,0.00,0.00,"6,553",0,N/A,N/A,N/A
2024-07-26,MARA,18.5,0,0,506,0,0,0,0,0,0,0,0,0,nan,0.00,0.00,506,0,N/A,N/A,N/A
2024-07-26,MARA,20.5,0,0,0,0,0,0,0,0,0,0,0,"1,510",nan,0.00,0.00,0,"1,510",N/A,N/A,N/A
2024-07-26,MARA,21.0,0,0,0,0,0,0,0,0,0,0,0,703,nan,0.00,0.00,0,703,N/A,N/A,N/A
2024-07-26,MARA,22.0,0,0,0,0,0,0,0,0,"5,262",0,"10,959","2,962",nan,0.27,0.00,"16,221","2,962",N/A,N/A,N/A
2024-07-26,MARA,22.5,0,0,0,0,0,0,0,0,0,0,"5,598",697,nan,0.12,0.00,"5,598",697,N/A,N/A,N/A
2024-07-26,MARA,23.0,0,0,0,0,0,0,0,0,0,0,"7,799","2,894",nan,0.37,0.00,"7,799","2,894",N/A,N/A,N/A
2024-07-26,MARA,24.0,0,0,0,0,0,0,0,0,0,0,"7,383","1,864",nan,0.25,0.00,"7,383","1,864",N/A,N/A,N/A
2024-07-26,MARA,24.5,0,0,0,0,0,0,0,0,0,0,755,0,nan,0.00,0.00,755,0,N/A,N/A,N/A
2024-07-26,MARA,25.0,0,0,0,0,0,0,0,0,0,0,"16,852",0,nan,0.00,0.00,"16,852",0,N/A,N/A,N/A
2024-07-26,MARA,26.0,0,0,0,0,0,0,0,0,0,0,"10,153",0,nan,0.00,0.00,"10,153",0,N/A,N/A,N/A
2024-07-26,MARA,26.5,0,0,0,0,0,0,0,0,0,0,"1,600",0,nan,0.00,0.00,"1,600",0,N/A,N/A,N/A
2024-07-26,MARA,27.0,0,0,0,0,0,0,0,0,0,0,"1,027",0,nan,0.00,0.00,"1,027",0,N/A,N/A,N/A
2024-07-26,MARA,30.0,0,0,0,0,0,0,0,0,0,0,"12,968",0,nan,0.00,0.00,"12,968",0,N/A,N/A,N/A
2024-07-26,MARA,35.0,0,0,0,0,0,0,0,0,0,0,938,0,nan,0.00,0.00,938,0,N/A,N/A,N/A
2024-07-26,META,455.0,0,0,0,0,0,0,0,0,0,"2,544",0,0,nan,0.00,0.00,0,"2,544",N/A,N/A,N/A
2024-07-26,META,465.0,0,0,0,0,0,0,0,0,0,"2,484",0,0,nan,0.00,0.00,0,"2,484",N/A,N/A,N/A
2024-07-26,META,470.0,0,0,0,0,0,0,0,"5,423",0,0,0,0,nan,0.00,0.00,0,"5,423",N/A,N/A,N/A
2024-07-26,META,480.0,0,0,0,0,0,0,0,"4,481",0,0,0,0,nan,0.00,0.00,0,"4,481",N/A,N/A,N/A
2024-07-26,META,495.0,0,0,0,0,0,0,0,0,0,"1,440",0,0,nan,0.00,0.00,0,"1,440",N/A,N/A,N/A
2024-07-26,META,500.0,0,0,0,0,0,0,0,0,"16,910",0,"13,261",0,nan,0.00,0.00,"30,171",0,N/A,N/A,N/A
2024-07-26,META,502.5,0,0,0,0,0,0,0,0,788,0,"4,340",0,nan,0.00,0.00,"5,128",0,N/A,N/A,N/A
2024-07-26,META,505.0,0,0,0,0,0,0,0,0,"9,000","2,125",0,0,nan,0.00,0.24,"9,000","2,125",N/A,N/A,N/A
2024-07-26,META,510.0,0,0,0,0,0,0,"2,430",0,"1,819",0,0,0,nan,0.00,0.00,"4,249",0,N/A,N/A,N/A
2024-07-26,META,515.0,0,0,0,0,0,0,"6,762",0,"2,941",0,"42,067",0,nan,0.00,0.00,"51,770",0,N/A,N/A,N/A
2024-07-26,META,520.0,0,0,0,637,0,0,0,0,"12,291",0,0,0,nan,0.00,0.00,"12,291",637,N/A,N/A,N/A
2024-07-26,META,525.0,0,0,0,0,0,0,928,0,"2,278",0,0,0,nan,0.00,0.00,"3,206",0,N/A,N/A,N/A
2024-07-26,META,527.5,0,0,0,0,0,0,0,0,570,0,0,0,nan,0.00,0.00,570,0,N/A,N/A,N/A
2024-07-26,META,530.0,0,0,0,0,"2,983",0,"21,589",0,0,0,0,0,nan,0.00,0.00,"24,572",0,N/A,N/A,N/A
2024-07-26,META,535.0,0,0,"1,357",0,0,0,"1,379",0,0,0,0,0,nan,0.00,0.00,"2,736",0,N/A,N/A,N/A
2024-07-26,META,545.0,0,0,0,0,"6,133",0,0,0,0,0,0,0,nan,0.00,0.00,"6,133",0,N/A,N/A,N/A
2024-07-26,META,600.0,0,0,0,0,"4,970",0,0,0,0,0,0,0,nan,0.00,0.00,"4,970",0,N/A,N/A,N/A
2024-07-26,MSFT,435.0,0,0,0,0,0,0,0,0,0,0,0,"3,863",nan,0.00,0.00,0,"3,863",N/A,N/A,N/A
2024-07-26,MSFT,447.5,0,0,0,0,0,0,0,0,0,0,0,"1,144",nan,0.00,0.00,0,"1,144",N/A,N/A,N/A
2024-07-26,MSFT,470.0,0,0,0,0,0,0,0,0,0,0,"42,610",0,nan,0.00,0.00,"42,610",0,N/A,N/A,N/A
2024-07-26,MSFT,475.0,0,0,0,0,0,0,0,0,"8,404",0,0,0,nan,0.00,0.00,"8,404",0,N/A,N/A,N/A
2024-07-26,MSFT,480.0,0,0,0,0,0,0,0,0,0,0,"4,193",0,nan,0.00,0.00,"4,193",0,N/A,N/A,N/A
2024-07-26,MU,130.0,0,0,0,0,0,0,0,0,0,"2,740",0,0,nan,0.00,0.00,0,"2,740",N/A,N/A,N/A
2024-07-26,MU,132.0,0,0,0,0,0,0,0,"13,238",0,0,0,0,nan,0.00,0.00,0,"13,238",N/A,N/A,N/A
2024-07-26,MU,141.0,"1,104",0,0,0,0,0,0,0,0,0,0,0,nan,0.00,0.00,"1,104",0,N/A,N/A,N/A
2024-07-26,MU,145.0,0,0,0,0,"1,040",0,0,0,0,0,0,0,nan,0.00,0.00,"1,040",0,N/A,N/A,N/A
2024-07-26,NKE,73.0,0,0,"1,446",0,0,0,0,0,0,0,"4,313",0,nan,0.00,0.00,"5,759",0,N/A,N/A,N/A
2024-07-26,NVDA,90.0,0,0,"4,734",0,0,0,0,0,0,0,0,0,nan,0.00,0.00,"4,734",0,N/A,N/A,N/A
2024-07-26,NVDA,109.0,0,0,0,0,0,0,0,0,0,"5,989",0,0,nan,0.00,0.00,0,"5,989",N/A,N/A,N/A
2024-07-26,NVDA,123.0,0,0,0,0,0,0,0,"3,469",0,0,0,0,nan,0.00,0.00,0,"3,469",N/A,N/A,N/A
2024-07-26,NVDA,129.0,0,0,"15,184",0,0,0,"3,677","1,703",0,0,"28,771",0,nan,0.00,0.00,"47,632","1,703",N/A,N/A,N/A
2024-07-26,NVDA,130.0,0,0,0,0,0,0,"12,923","14,594",0,0,0,0,nan,0.00,0.00,"12,923","14,594",N/A,N/A,N/A
2024-07-26,NVDA,131.0,0,0,"8,642","1,307",0,0,"4,886","1,966",0,0,"24,123",0,nan,0.00,0.00,"37,651","3,273",N/A,N/A,N/A
2024-07-26,NVDA,132.0,0,0,"80,350","23,708",0,"4,602","12,461",0,0,0,"22,610",0,nan,0.00,0.00,"115,421","28,310",N/A,N/A,N/A
2024-07-26,NVDA,133.0,0,0,"22,835",0,"6,596",0,0,0,0,0,0,0,nan,0.00,0.00,"29,431",0,N/A,N/A,N/A
2024-07-26,NVDA,134.0,0,0,0,0,"69,979","2,493",0,0,0,0,0,0,nan,0.00,0.00,"69,979","2,493",N/A,N/A,N/A
2024-07-26,NVDA,135.0,0,0,0,0,0,0,"19,576",0,0,0,0,0,nan,0.00,0.00,"19,576",0,N/A,N/A,N/A
2024-07-26,NVDA,137.0,0,0,"2,091",0,0,0,0,0,0,0,0,0,nan,0.00,0.00,"2,091",0,N/A,N/A,N/A
2024-07-26,NVDA,140.0,0,0,"37,569",0,0,0,0,0,0,0,0,0,nan,0.00,0.00,"37,569",0,N/A,N/A,N/A
2024-07-26,NVDA,141.0,0,0,"1,619",0,0,0,0,0,0,0,0,0,nan,0.00,0.00,"1,619",0,N/A,N/A,N/A
2024-07-26,NVDA,149.0,0,0,"5,167",0,0,0,0,0,0,0,0,0,nan,0.00,0.00,"5,167",0,N/A,N/A,N/A
2024-07-26,NVDA,152.0,0,0,0,0,"1,595",0,0,0,0,0,0,0,nan,0.00,0.00,"1,595",0,N/A,N/A,N/A
2024-07-26,QCOM,205.0,0,0,0,0,0,0,"1,008",0,0,0,0,0,nan,0.00,0.00,"1,008",0,N/A,N/A,N/A
2024-07-26,QCOM,215.0,0,0,0,0,0,0,"1,227",0,0,0,0,0,nan,0.00,0.00,"1,227",0,N/A,N/A,N/A
2024-07-26,RBLX,42.0,0,0,0,0,0,0,"1,002",0,0,0,0,0,nan,0.00,0.00,"1,002",0,N/A,N/A,N/A
2024-07-26,RIOT,10.0,0,0,0,0,0,0,0,0,0,0,0,"9,010",nan,0.00,0.00,0,"9,010",N/A,N/A,N/A
2024-07-26,RIOT,10.5,0,0,0,0,0,0,0,0,0,0,0,826,nan,0.00,0.00,0,826,N/A,N/A,N/A
2024-07-26,RIOT,11.0,0,0,0,0,0,0,0,0,0,0,0,"4,974",nan,0.00,0.00,0,"4,974",N/A,N/A,N/A
2024-07-26,RIOT,11.5,0,0,0,0,0,0,0,0,0,0,"5,003",0,nan,0.00,0.00,"5,003",0,N/A,N/A,N/A
2024-07-26,RIOT,12.5,0,0,0,0,0,0,0,0,0,0,"23,119",0,nan,0.00,0.00,"23,119",0,N/A,N/A,N/A
2024-07-26,RIOT,15.5,0,0,0,0,0,0,0,0,0,0,"3,301",0,nan,0.00,0.00,"3,301",0,N/A,N/A,N/A
2024-07-26,RIVN,15.0,0,0,0,0,0,"2,930",0,0,0,0,0,0,nan,0.00,0.00,0,"2,930",N/A,N/A,N/A
2024-07-26,RIVN,15.5,0,0,0,"1,596",0,0,0,0,0,0,0,0,nan,0.00,0.00,0,"1,596",N/A,N/A,N/A
2024-07-26,RIVN,16.5,0,0,630,0,0,0,"1,750",0,0,0,0,0,nan,0.00,0.00,"2,380",0,N/A,N/A,N/A
2024-07-26,RIVN,17.0,0,0,0,0,0,0,0,0,"2,038","4,788",0,"2,498",nan,0.00,2.35,"2,038","7,286",N/A,N/A,N/A
2024-07-26,RIVN,17.5,0,0,0,0,0,0,0,0,"1,118",0,0,"2,498",nan,0.00,0.00,"1,118","2,498",N/A,N/A,N/A
2024-07-26,RIVN,18.0,0,0,0,0,0,0,0,0,"30,197",0,0,0,nan,0.00,0.00,"30,197",0,N/A,N/A,N/A
2024-07-26,RIVN,18.5,0,0,0,0,0,0,0,0,992,0,820,0,nan,0.00,0.00,"1,812",0,N/A,N/A,N/A
2024-07-26,RIVN,19.0,0,0,0,0,"1,223",0,0,0,"2,381",0,0,0,nan,0.00,0.00,"3,604",0,N/A,N/A,N/A
2024-07-26,RIVN,22.0,0,0,0,0,0,0,0,0,798,0,0,0,nan,0.00,0.00,798,0,N/A,N/A,N/A
2024-07-26,RIVN,22.5,0,0,0,0,0,0,0,0,"4,102",0,0,0,nan,0.00,0.00,"4,102",0,N/A,N/A,N/A
2024-07-26,RIVN,23.0,0,0,0,0,0,0,0,0,"1,472",0,0,0,nan,0.00,0.00,"1,472",0,N/A,N/A,N/A
2024-07-26,RIVN,24.0,0,0,0,0,0,0,0,0,"1,092",0,0,0,nan,0.00,0.00,"1,092",0,N/A,N/A,N/A
2024-07-26,SMCI,900.0,0,0,0,0,0,0,0,0,0,0,0,"2,086",nan,0.00,0.00,0,"2,086",N/A,N/A,N/A
2024-07-26,SMCI,950.0,0,0,0,0,0,0,0,0,0,0,559,0,nan,0.00,0.00,559,0,N/A,N/A,N/A
2024-07-26,SMCI,"1,000.0",0,0,0,0,0,0,"13,706",0,"4,190",0,"19,113",0,nan,0.00,0.00,"37,009",0,N/A,N/A,N/A
2024-07-26,SMCI,"1,100.0",0,0,0,0,0,0,0,0,0,0,"4,933",0,nan,0.00,0.00,"4,933",0,N/A,N/A,N/A
2024-07-26,SMCI,"1,300.0",0,0,0,0,0,0,0,0,0,0,"1,884",0,nan,0.00,0.00,"1,884",0,N/A,N/A,N/A
2024-07-26,SOFI,7.5,0,0,0,0,0,0,0,0,0,0,0,767,nan,0.00,0.00,0,767,N/A,N/A,N/A
2024-07-26,SOUN,4.5,0,0,0,0,"6,814",0,0,0,0,0,0,0,nan,0.00,0.00,"6,814",0,N/A,N/A,N/A
2024-07-26,SOUN,5.0,0,0,0,0,"36,681",0,0,0,0,0,0,0,nan,0.00,0.00,"36,681",0,N/A,N/A,N/A
2024-07-26,SOUN,5.5,0,0,0,0,"25,405",0,0,0,0,0,0,0,nan,0.00,0.00,"25,405",0,N/A,N/A,N/A
2024-07-26,SOUN,6.0,0,0,0,0,"1,546",0,"10,274",0,0,0,"15,017",0,nan,0.00,0.00,"26,837",0,N/A,N/A,N/A
2024-07-26,SOUN,6.5,0,0,0,0,0,0,0,0,"6,461",0,0,0,nan,0.00,0.00,"6,461",0,N/A,N/A,N/A
2024-07-26,SOUN,7.0,0,0,0,0,0,0,0,0,"3,266",0,0,0,nan,0.00,0.00,"3,266",0,N/A,N/A,N/A
2024-07-26,SOUN,7.5,0,0,0,0,0,0,0,0,629,0,0,0,nan,0.00,0.00,629,0,N/A,N/A,N/A
2024-07-26,SOUN,8.0,0,0,0,0,0,0,0,0,544,0,0,0,nan,0.00,0.00,544,0,N/A,N/A,N/A
2024-07-26,SQ,70.0,0,0,0,0,0,0,"2,147",0,"45,039",0,"4,618",0,nan,0.00,0.00,"51,804",0,N/A,N/A,N/A
2024-07-26,SQ,71.0,0,0,0,0,0,0,0,0,983,0,"5,681",0,nan,0.00,0.00,"6,664",0,N/A,N/A,N/A
2024-07-26,SQ,72.0,0,0,0,0,0,0,0,0,"3,579",0,"1,791",0,nan,0.00,0.00,"5,370",0,N/A,N/A,N/A
2024-07-26,SQ,73.0,0,0,0,0,0,0,0,0,"2,873",0,"1,177",0,nan,0.00,0.00,"4,050",0,N/A,N/A,N/A
2024-07-26,SQ,74.0,0,0,0,0,0,0,0,0,0,0,"1,764",0,nan,0.00,0.00,"1,764",0,N/A,N/A,N/A
2024-07-26,SQ,75.0,0,0,0,0,0,0,0,0,709,0,"14,041",0,nan,0.00,0.00,"14,750",0,N/A,N/A,N/A
2024-07-26,UPST,22.0,0,0,0,0,0,0,0,0,0,773,0,0,nan,0.00,0.00,0,773,N/A,N/A,N/A
2024-07-26,UPST,25.0,0,0,"3,753",0,0,0,0,0,0,0,0,0,nan,0.00,0.00,"3,753",0,N/A,N/A,N/A
2024-07-26,UPST,28.0,0,0,0,0,0,0,"1,058",0,"1,425",0,0,0,nan,0.00,0.00,"2,483",0,N/A,N/A,N/A
2024-07-26,UPST,29.0,0,0,0,0,0,0,0,0,0,0,640,0,nan,0.00,0.00,640,0,N/A,N/A,N/A
2024-07-26,UPST,30.0,0,0,0,0,0,0,"2,203",0,"7,706",0,"12,645",0,nan,0.00,0.00,"22,554",0,N/A,N/A,N/A
2024-07-26,UPST,32.0,0,0,0,0,0,0,0,0,0,0,"1,454",0,nan,0.00,0.00,"1,454",0,N/A,N/A,N/A
2024-07-26,UPST,33.0,0,0,0,0,0,0,0,0,0,0,699,0,nan,0.00,0.00,699,0,N/A,N/A,N/A
2024-07-26,UPST,34.0,0,0,0,0,0,0,0,0,0,0,592,0,nan,0.00,0.00,592,0,N/A,N/A,N/A
2024-07-26,UPST,37.0,0,0,0,0,0,0,0,0,0,0,"3,247",0,nan,0.00,0.00,"3,247",0,N/A,N/A,N/A
2024-07-26,W,60.0,0,0,0,0,"1,911",0,0,0,0,0,"9,689",0,nan,0.00,0.00,"11,600",0,N/A,N/A,N/A
2024-08-02,AAPL,225.0,0,0,0,"48,934",0,0,0,0,0,0,0,0,nan,0.00,0.00,0,"48,934",N/A,N/A,N/A
2024-08-02,AAPL,235.0,0,0,0,0,0,0,0,0,0,0,0,"2,342",nan,0.00,0.00,0,"2,342",N/A,N/A,N/A
2024-08-02,AAPL,245.0,0,0,"16,968",0,0,0,0,0,0,0,0,"2,133",nan,0.00,0.00,"16,968","2,133",N/A,N/A,N/A
2024-08-02,AAPL,250.0,0,0,0,0,0,0,0,0,0,0,"127,288",0,nan,0.00,0.00,"127,288",0,N/A,N/A,N/A
2024-08-02,AAPL,255.0,0,0,0,0,0,0,954,0,0,0,0,0,nan,0.00,0.00,954,0,N/A,N/A,N/A
2024-08-02,AAPL,270.0,0,0,0,0,0,0,688,0,0,0,0,0,nan,0.00,0.00,688,0,N/A,N/A,N/A
2024-08-02,AMD,220.0,"5,775",0,0,0,0,0,0,0,0,0,0,0,nan,0.00,0.00,"5,775",0,N/A,N/A,N/A
2024-08-02,C,64.0,0,0,0,0,0,0,0,0,0,0,"4,309",0,nan,0.00,0.00,"4,309",0,N/A,N/A,N/A
2024-08-02,C,65.0,0,0,0,0,0,0,0,0,0,0,"8,611",0,nan,0.00,0.00,"8,611",0,N/A,N/A,N/A
2024-08-02,CLSK,15.5,0,0,0,0,0,0,0,0,0,0,0,"5,563",nan,0.00,0.00,0,"5,563",N/A,N/A,N/A
2024-08-02,CLSK,16.0,0,0,0,0,0,0,0,0,0,0,872,0,nan,0.00,0.00,872,0,N/A,N/A,N/A
2024-08-02,CLSK,17.0,0,0,0,0,0,0,0,0,0,0,"49,976",0,nan,0.00,0.00,"49,976",0,N/A,N/A,N/A
2024-08-02,CLSK,18.0,0,0,0,0,0,0,0,0,0,0,656,0,nan,0.00,0.00,656,0,N/A,N/A,N/A
2024-08-02,COIN,300.0,0,0,0,0,0,0,0,0,0,0,765,0,nan,0.00,0.00,765,0,N/A,N/A,N/A
2024-08-02,CVNA,145.0,0,0,0,0,0,0,0,0,"2,004",0,0,0,nan,0.00,0.00,"2,004",0,N/A,N/A,N/A
2024-08-02,CVNA,150.0,0,0,0,0,0,0,"1,327",0,"15,653",0,0,0,nan,0.00,0.00,"16,980",0,N/A,N/A,N/A
2024-08-02,ENPH,105.0,0,0,0,0,0,0,0,0,0,0,0,797,nan,0.00,0.00,0,797,N/A,N/A,N/A
2024-08-02,F,13.5,0,0,0,0,0,0,0,0,0,"2,069",0,0,nan,0.00,0.00,0,"2,069",N/A,N/A,N/A
2024-08-02,F,14.0,0,0,0,0,0,0,0,0,0,0,0,"11,166",nan,0.00,0.00,0,"11,166",N/A,N/A,N/A
2024-08-02,F,15.0,0,0,0,0,0,0,0,0,"1,640",0,0,0,nan,0.00,0.00,"1,640",0,N/A,N/A,N/A
2024-08-02,GOOG,190.0,0,0,0,0,0,564,0,0,0,0,0,0,nan,0.00,0.00,0,564,N/A,N/A,N/A
2024-08-02,HOOD,20.0,0,0,0,0,0,0,0,0,0,0,0,"2,221",nan,0.00,0.00,0,"2,221",N/A,N/A,N/A
2024-08-02,HOOD,21.0,0,0,0,0,0,0,0,0,0,0,679,0,nan,0.00,0.00,679,0,N/A,N/A,N/A
2024-08-02,HOOD,22.0,0,0,0,0,0,0,0,0,0,0,"2,078",0,nan,0.00,0.00,"2,078",0,N/A,N/A,N/A
2024-08-02,LCID,4.0,0,0,0,0,0,0,0,0,"10,552",0,0,0,nan,0.00,0.00,"10,552",0,N/A,N/A,N/A
2024-08-02,LCID,4.5,0,0,0,0,0,0,0,0,"6,104",0,0,0,nan,0.00,0.00,"6,104",0,N/A,N/A,N/A
2024-08-02,LCID,5.0,0,0,0,0,0,0,0,0,"3,313",0,0,0,nan,0.00,0.00,"3,313",0,N/A,N/A,N/A
2024-08-02,MARA,22.0,0,0,0,0,0,0,0,0,0,0,"69,073",567,nan,0.01,0.00,"69,073",567,N/A,N/A,N/A
2024-08-02,MARA,22.5,0,0,0,0,0,0,0,0,0,0,"1,364",0,nan,0.00,0.00,"1,364",0,N/A,N/A,N/A
2024-08-02,MARA,25.0,0,0,0,0,0,0,0,0,0,0,"82,864",0,nan,0.00,0.00,"82,864",0,N/A,N/A,N/A
2024-08-02,MARA,26.0,0,0,0,0,0,0,0,0,0,0,"4,513",0,nan,0.00,0.00,"4,513",0,N/A,N/A,N/A
2024-08-02,META,500.0,0,0,0,0,0,0,0,0,"6,344",0,0,0,nan,0.00,0.00,"6,344",0,N/A,N/A,N/A
2024-08-02,MSFT,455.0,0,0,0,0,0,0,0,0,"1,031",0,0,0,nan,0.00,0.00,"1,031",0,N/A,N/A,N/A
2024-08-02,MSFT,500.0,0,0,0,0,0,0,"1,135",0,0,0,0,0,nan,0.00,0.00,"1,135",0,N/A,N/A,N/A
2024-08-02,MSTR,"2,000.0",0,0,0,0,0,0,0,0,0,0,"1,035",0,nan,0.00,0.00,"1,035",0,N/A,N/A,N/A
2024-08-02,NKE,70.0,0,"2,696",0,0,0,0,0,0,0,0,0,0,nan,0.00,0.00,0,"2,696",N/A,N/A,N/A
2024-08-02,NKE,73.0,0,0,0,0,0,0,"1,241",0,0,0,0,0,nan,0.00,0.00,"1,241",0,N/A,N/A,N/A
2024-08-02,NKE,75.0,"4,628",0,0,0,0,0,0,0,0,0,0,0,nan,0.00,0.00,"4,628",0,N/A,N/A,N/A
2024-08-02,NVDA,109.0,0,0,0,0,0,0,0,0,0,0,"2,036",0,nan,0.00,0.00,"2,036",0,N/A,N/A,N/A
2024-08-02,NVDA,122.0,0,0,0,0,0,0,0,0,"3,428",0,0,0,nan,0.00,0.00,"3,428",0,N/A,N/A,N/A
2024-08-02,NVDA,123.0,0,0,0,0,0,0,"2,064",0,0,0,0,0,nan,0.00,0.00,"2,064",0,N/A,N/A,N/A
2024-08-02,NVDA,127.0,0,0,0,0,0,0,"5,743",0,0,0,0,0,nan,0.00,0.00,"5,743",0,N/A,N/A,N/A
2024-08-02,NVDA,128.0,0,0,0,"1,659",0,0,0,"2,609",0,0,0,0,nan,0.00,0.00,0,"4,268",N/A,N/A,N/A
2024-08-02,NVDA,130.0,0,0,0,"40,661",0,0,0,0,0,0,0,0,nan,0.00,0.00,0,"40,661",N/A,N/A,N/A
2024-08-02,NVDA,131.0,0,0,0,612,0,0,0,0,0,0,0,0,nan,0.00,0.00,0,612,N/A,N/A,N/A
2024-08-02,NVDA,132.0,0,0,"4,829",0,0,0,0,0,0,0,0,0,nan,0.00,0.00,"4,829",0,N/A,N/A,N/A
2024-08-02,NVDA,133.0,0,0,"4,292",0,0,"10,450",0,0,0,0,0,0,nan,0.00,0.00,"4,292","10,450",N/A,N/A,N/A
2024-08-02,NVDA,135.0,0,0,"25,875",0,0,"1,953",0,0,0,0,0,0,nan,0.00,0.00,"25,875","1,953",N/A,N/A,N/A
2024-08-02,RIOT,9.0,0,0,0,0,0,0,0,0,0,0,"1,015",0,nan,0.00,0.00,"1,015",0,N/A,N/A,N/A
2024-08-02,RIOT,12.5,0,0,0,0,0,0,0,0,0,0,892,0,nan,0.00,0.00,892,0,N/A,N/A,N/A
2024-08-02,RIVN,16.0,0,0,0,0,0,0,0,649,0,0,0,0,nan,0.00,0.00,0,649,N/A,N/A,N/A
2024-08-02,RIVN,16.5,0,0,0,0,845,0,0,0,0,0,0,0,nan,0.00,0.00,845,0,N/A,N/A,N/A
2024-08-02,RIVN,18.0,0,0,654,0,0,0,0,0,0,936,"1,782",0,nan,0.00,0.00,"2,436",936,N/A,N/A,N/A
2024-08-02,RIVN,20.0,0,0,0,0,0,0,0,0,"13,274",0,0,0,nan,0.00,0.00,"13,274",0,N/A,N/A,N/A
2024-08-02,RIVN,21.0,0,0,0,0,0,0,0,0,"2,492",0,0,0,nan,0.00,0.00,"2,492",0,N/A,N/A,N/A
2024-08-02,RIVN,22.0,0,0,0,0,0,0,0,0,"1,966",0,0,0,nan,0.00,0.00,"1,966",0,N/A,N/A,N/A
2024-08-02,RIVN,25.0,0,0,0,0,0,0,0,0,"2,115",0,0,0,nan,0.00,0.00,"2,115",0,N/A,N/A,N/A
2024-08-02,SOUN,5.0,0,0,0,0,"9,184",0,0,0,0,0,0,0,nan,0.00,0.00,"9,184",0,N/A,N/A,N/A
2024-08-02,SOUN,6.0,0,0,0,0,"1,970",0,"4,019",0,0,0,0,0,nan,0.00,0.00,"5,989",0,N/A,N/A,N/A
2024-08-02,SOUN,7.0,0,0,0,0,0,0,0,0,911,0,0,0,nan,0.00,0.00,911,0,N/A,N/A,N/A
2024-08-02,UPST,25.0,"3,920",0,0,0,0,0,0,0,0,0,0,0,nan,0.00,0.00,"3,920",0,N/A,N/A,N/A
2024-08-02,UPST,28.0,0,0,0,0,0,0,0,0,"1,478",0,0,0,nan,0.00,0.00,"1,478",0,N/A,N/A,N/A
2024-08-02,UPST,30.0,0,0,0,0,0,0,0,0,0,0,"1,937",0,nan,0.00,0.00,"1,937",0,N/A,N/A,N/A
2024-08-02,UPST,35.0,0,0,0,0,0,0,0,0,0,0,531,0,nan,0.00,0.00,531,0,N/A,N/A,N/A
2024-08-09,AAPL,225.0,0,0,0,"2,457",0,0,0,0,0,0,0,0,nan,0.00,0.00,0,"2,457",N/A,N/A,N/A
2024-08-09,AAPL,230.0,0,0,"1,117",0,0,0,"2,044",0,0,0,0,0,nan,0.00,0.00,"3,161",0,N/A,N/A,N/A
2024-08-09,AAPL,250.0,0,0,0,0,0,0,0,0,0,0,"4,627",0,nan,0.00,0.00,"4,627",0,N/A,N/A,N/A
2024-08-09,AAPL,255.0,0,0,0,0,0,0,948,0,0,0,0,0,nan,0.00,0.00,948,0,N/A,N/A,N/A
2024-08-09,AMD,190.0,678,0,"17,306",0,0,0,0,0,0,0,0,0,nan,0.00,0.00,"17,984",0,N/A,N/A,N/A
2024-08-09,AMD,200.0,0,0,"2,594",0,0,0,0,0,0,0,0,0,nan,0.00,0.00,"2,594",0,N/A,N/A,N/A
2024-08-09,AMZN,195.0,0,0,0,0,0,0,"5,176",0,0,0,0,0,nan,0.00,0.00,"5,176",0,N/A,N/A,N/A
2024-08-09,F,15.0,0,0,0,0,0,0,0,0,"1,368",0,"2,041",0,nan,0.00,0.00,"3,409",0,N/A,N/A,N/A
2024-08-09,GOOGL,185.0,0,594,0,0,0,0,0,0,0,0,0,0,nan,0.00,0.00,0,594,N/A,N/A,N/A
2024-08-09,HOOD,25.0,0,0,0,0,0,0,0,0,0,0,"5,825",0,nan,0.00,0.00,"5,825",0,N/A,N/A,N/A
2024-08-09,LCID,3.5,0,0,0,0,0,0,"30,795",0,0,0,0,0,nan,0.00,0.00,"30,795",0,N/A,N/A,N/A
2024-08-09,LCID,4.0,0,0,0,0,0,0,0,0,"11,142",0,0,0,nan,0.00,0.00,"11,142",0,N/A,N/A,N/A
2024-08-09,LCID,4.5,0,0,0,0,0,0,0,0,"1,045",0,0,0,nan,0.00,0.00,"1,045",0,N/A,N/A,N/A
2024-08-09,LCID,5.0,0,0,0,0,0,0,0,0,968,0,0,0,nan,0.00,0.00,968,0,N/A,N/A,N/A
2024-08-09,LCID,5.5,0,0,0,0,0,0,0,0,0,0,501,0,nan,0.00,0.00,501,0,N/A,N/A,N/A
2024-08-09,MARA,21.0,0,0,0,0,0,0,0,0,"3,106",0,0,0,nan,0.00,0.00,"3,106",0,N/A,N/A,N/A
2024-08-09,MARA,22.0,0,0,0,0,0,0,0,0,0,0,911,0,nan,0.00,0.00,911,0,N/A,N/A,N/A
2024-08-09,MARA,23.0,0,0,0,0,0,0,0,0,0,0,879,0,nan,0.00,0.00,879,0,N/A,N/A,N/A
2024-08-09,MSFT,420.0,0,0,0,0,0,0,0,0,0,"1,100",0,0,nan,0.00,0.00,0,"1,100",N/A,N/A,N/A
2024-08-09,MSFT,460.0,0,0,0,0,0,0,0,503,0,0,0,0,nan,0.00,0.00,0,503,N/A,N/A,N/A
2024-08-09,MU,130.0,0,0,0,0,0,0,0,0,0,0,0,842,nan,0.00,0.00,0,842,N/A,N/A,N/A
2024-08-09,NVDA,85.0,0,0,0,0,0,0,0,0,0,"3,992",0,0,nan,0.00,0.00,0,"3,992",N/A,N/A,N/A
2024-08-09,NVDA,128.0,0,0,0,0,0,"2,476","1,907",0,0,"8,142",0,0,nan,0.00,0.00,"1,907","10,618",N/A,N/A,N/A
2024-08-09,NVDA,130.0,0,0,0,"2,138",0,0,0,0,0,0,0,0,nan,0.00,0.00,0,"2,138",N/A,N/A,N/A
2024-08-09,NVDA,131.0,0,0,836,0,"2,049",0,0,0,0,0,0,0,nan,0.00,0.00,"2,885",0,N/A,N/A,N/A
2024-08-09,NVDA,132.0,0,0,"3,858","1,939",0,0,"2,717",0,0,0,0,0,nan,0.00,0.00,"6,575","1,939",N/A,N/A,N/A
2024-08-09,NVDA,133.0,0,0,"8,903",0,0,0,0,0,0,0,0,0,nan,0.00,0.00,"8,903",0,N/A,N/A,N/A
2024-08-09,NVDA,134.0,0,0,"2,852",0,0,0,0,0,0,0,0,0,nan,0.00,0.00,"2,852",0,N/A,N/A,N/A
2024-08-09,NVDA,135.0,0,0,"12,240",0,0,0,0,0,0,0,0,0,nan,0.00,0.00,"12,240",0,N/A,N/A,N/A
2024-08-09,NVDA,136.0,0,0,591,0,"2,201",0,0,0,0,0,0,0,nan,0.00,0.00,"2,792",0,N/A,N/A,N/A
2024-08-09,NVDA,140.0,0,0,"7,175",0,"15,807",0,0,0,0,0,0,0,nan,0.00,0.00,"22,982",0,N/A,N/A,N/A
2024-08-09,NVDA,145.0,0,0,"3,166",0,0,0,0,0,0,0,0,0,nan,0.00,0.00,"3,166",0,N/A,N/A,N/A
2024-08-09,NVDA,175.0,0,0,"1,016",0,0,0,0,0,0,0,0,0,nan,0.00,0.00,"1,016",0,N/A,N/A,N/A
2024-08-09,RDDT,90.0,0,0,0,0,0,0,0,0,0,0,"1,153",0,nan,0.00,0.00,"1,153",0,N/A,N/A,N/A
2024-08-09,RIOT,11.0,0,0,0,0,0,0,0,0,0,0,595,0,nan,0.00,0.00,595,0,N/A,N/A,N/A
2024-08-09,RIOT,11.5,0,0,0,0,0,0,0,0,0,0,649,0,nan,0.00,0.00,649,0,N/A,N/A,N/A
2024-08-09,RIOT,14.0,0,0,0,0,0,0,0,0,0,0,630,0,nan,0.00,0.00,630,0,N/A,N/A,N/A
2024-08-09,RIVN,16.0,0,0,0,0,"1,043",0,0,0,0,"2,691",0,0,nan,0.00,0.00,"1,043","2,691",N/A,N/A,N/A
2024-08-09,RIVN,17.0,0,0,0,0,0,0,"1,320",0,0,"4,063",0,0,nan,0.00,0.00,"1,320","4,063",N/A,N/A,N/A
2024-08-09,RIVN,22.0,0,0,0,0,0,0,0,0,879,0,0,0,nan,0.00,0.00,879,0,N/A,N/A,N/A
2024-08-09,RIVN,25.0,0,0,0,0,0,0,0,0,573,0,0,0,nan,0.00,0.00,573,0,N/A,N/A,N/A
2024-08-09,SOFI,9.0,0,0,0,0,0,0,0,0,0,0,"2,046",0,nan,0.00,0.00,"2,046",0,N/A,N/A,N/A
2024-08-09,SOUN,4.0,0,0,0,0,0,0,0,"2,045",0,0,0,0,nan,0.00,0.00,0,"2,045",N/A,N/A,N/A
2024-08-09,SOUN,4.5,0,0,0,0,515,0,0,0,0,0,0,0,nan,0.00,0.00,515,0,N/A,N/A,N/A
2024-08-09,SOUN,5.0,0,0,0,0,"5,553",0,0,0,0,0,0,0,nan,0.00,0.00,"5,553",0,N/A,N/A,N/A
2024-08-09,SOUN,5.5,0,0,0,0,"1,661",0,800,0,0,0,0,0,nan,0.00,0.00,"2,461",0,N/A,N/A,N/A
2024-08-09,SOUN,6.0,0,0,0,0,0,0,715,0,"2,219",0,0,0,nan,0.00,0.00,"2,934",0,N/A,N/A,N/A
2024-08-16,AAPL,230.0,0,0,0,"2,593",0,0,0,0,0,0,0,"6,782",nan,0.00,0.00,0,"9,375",N/A,N/A,N/A
2024-08-16,AAPL,240.0,0,0,0,0,0,0,0,0,0,0,0,"4,446",nan,0.00,0.00,0,"4,446",N/A,N/A,N/A
2024-08-16,AI,35.0,0,0,0,0,0,0,0,0,0,0,"2,977",0,nan,0.00,0.00,"2,977",0,N/A,N/A,N/A
2024-08-16,AMD,250.0,0,0,0,0,0,0,"235,538",0,0,0,0,0,nan,0.00,0.00,"235,538",0,N/A,N/A,N/A
2024-08-16,AMZN,170.0,0,0,"17,790",0,0,0,0,0,0,0,0,0,nan,0.00,0.00,"17,790",0,N/A,N/A,N/A
2024-08-16,C,65.0,0,0,0,"5,680",0,0,0,0,0,0,0,0,nan,0.00,0.00,0,"5,680",N/A,N/A,N/A
2024-08-16,CLSK,17.0,0,0,0,0,0,0,0,0,0,0,"50,938",0,nan,0.00,0.00,"50,938",0,N/A,N/A,N/A
2024-08-16,COIN,310.0,0,0,0,0,0,0,0,0,0,0,652,0,nan,0.00,0.00,652,0,N/A,N/A,N/A
2024-08-16,COIN,340.0,0,0,0,0,0,0,0,0,0,0,"1,504",0,nan,0.00,0.00,"1,504",0,N/A,N/A,N/A
2024-08-16,COST,830.0,0,0,0,0,0,"2,042",0,0,0,0,0,0,nan,0.00,0.00,0,"2,042",N/A,N/A,N/A
2024-08-16,COST,835.0,0,0,0,0,0,"3,100",0,0,0,0,0,0,nan,0.00,0.00,0,"3,100",N/A,N/A,N/A
2024-08-16,COST,885.0,0,0,0,0,0,0,0,0,0,0,523,0,nan,0.00,0.00,523,0,N/A,N/A,N/A
2024-08-16,COST,910.0,0,0,0,0,0,0,0,0,609,0,0,0,nan,0.00,0.00,609,0,N/A,N/A,N/A
2024-08-16,CVNA,135.0,0,0,0,0,"6,941",0,0,0,0,0,0,0,nan,0.00,0.00,"6,941",0,N/A,N/A,N/A
2024-08-16,CVNA,140.0,0,0,0,0,0,0,0,0,0,608,0,0,nan,0.00,0.00,0,608,N/A,N/A,N/A
2024-08-16,CVNA,155.0,0,0,0,0,0,0,0,0,"1,039",0,0,0,nan,0.00,0.00,"1,039",0,N/A,N/A,N/A
2024-08-16,CVNA,160.0,0,0,0,0,0,0,0,0,"1,778",0,0,0,nan,0.00,0.00,"1,778",0,N/A,N/A,N/A
2024-08-16,CVNA,175.0,0,0,0,0,0,0,0,0,"3,241",0,0,0,nan,0.00,0.00,"3,241",0,N/A,N/A,N/A
2024-08-16,DAL,40.0,0,0,0,0,0,0,"6,307",0,0,0,0,0,nan,0.00,0.00,"6,307",0,N/A,N/A,N/A
2024-08-16,DAL,42.0,0,0,0,0,0,"6,627",0,0,0,0,0,0,nan,0.00,0.00,0,"6,627",N/A,N/A,N/A
2024-08-16,DAL,43.0,0,0,0,0,0,0,0,543,0,0,0,0,nan,0.00,0.00,0,543,N/A,N/A,N/A
2024-08-16,DAL,44.0,0,0,0,0,0,0,0,813,858,0,0,0,nan,0.00,0.00,858,813,N/A,N/A,N/A
2024-08-16,DAL,46.0,0,0,0,0,0,0,979,0,0,0,0,0,nan,0.00,0.00,979,0,N/A,N/A,N/A
2024-08-16,DAL,47.0,0,0,0,0,"2,626",0,"52,708",0,0,0,0,0,nan,0.00,0.00,"55,334",0,N/A,N/A,N/A
2024-08-16,DAL,49.0,0,0,0,0,638,0,0,0,0,0,0,0,nan,0.00,0.00,638,0,N/A,N/A,N/A
2024-08-16,DJT,50.0,0,0,0,0,0,0,0,0,0,0,"31,294",0,nan,0.00,0.00,"31,294",0,N/A,N/A,N/A
2024-08-16,DJT,60.0,0,0,0,0,0,0,0,0,0,0,"3,658",0,nan,0.00,0.00,"3,658",0,N/A,N/A,N/A
2024-08-16,DJT,80.0,0,0,0,0,0,0,0,0,0,0,"2,886",0,nan,0.00,0.00,"2,886",0,N/A,N/A,N/A
2024-08-16,ENPH,130.0,0,0,"15,015",0,0,0,"44,349",0,0,0,0,0,nan,0.00,0.00,"59,364",0,N/A,N/A,N/A
2024-08-16,F,14.0,0,0,0,0,0,0,0,0,0,987,0,"1,466",nan,0.00,0.00,0,"2,453",N/A,N/A,N/A
2024-08-16,F,15.0,0,0,0,0,0,0,0,0,"7,003",0,0,584,nan,0.00,0.00,"7,003",584,N/A,N/A,N/A
2024-08-16,F,16.0,0,0,0,0,0,0,0,0,0,0,864,0,nan,0.00,0.00,864,0,N/A,N/A,N/A
2024-08-16,GOOGL,185.0,0,0,0,"33,805",0,0,0,0,0,0,0,0,nan,0.00,0.00,0,"33,805",N/A,N/A,N/A
2024-08-16,LCID,4.0,0,0,0,0,0,0,0,0,"28,810","12,768",0,0,nan,0.00,0.44,"28,810","12,768",N/A,N/A,N/A
2024-08-16,MARA,23.0,0,0,0,0,0,0,0,0,0,0,0,"1,153",nan,0.00,0.00,0,"1,153",N/A,N/A,N/A
2024-08-16,MARA,25.0,0,0,0,0,0,0,0,0,"85,751",0,0,0,nan,0.00,0.00,"85,751",0,N/A,N/A,N/A
2024-08-16,MARA,40.0,0,0,0,0,0,0,0,0,0,0,"99,741",0,nan,0.00,0.00,"99,741",0,N/A,N/A,N/A
2024-08-16,META,505.0,0,0,0,0,0,0,0,0,0,"1,731",0,0,nan,0.00,0.00,0,"1,731",N/A,N/A,N/A
2024-08-16,META,535.0,0,0,0,0,0,0,0,970,0,0,0,0,nan,0.00,0.00,0,970,N/A,N/A,N/A
2024-08-16,MSTR,"1,600.0",0,0,0,0,0,0,0,0,775,0,0,0,nan,0.00,0.00,775,0,N/A,N/A,N/A
2024-08-16,NVDA,112.0,0,0,0,0,0,0,0,0,0,0,0,"15,416",nan,0.00,0.00,0,"15,416",N/A,N/A,N/A
2024-08-16,NVDA,135.0,0,0,"138,650",0,0,0,0,0,0,0,0,0,nan,0.00,0.00,"138,650",0,N/A,N/A,N/A
2024-08-16,NVDA,147.0,0,0,0,0,0,"1,014",0,0,0,0,0,0,nan,0.00,0.00,0,"1,014",N/A,N/A,N/A
2024-08-16,NVDA,160.0,0,0,0,0,0,"12,151",0,0,0,0,0,0,nan,0.00,0.00,0,"12,151",N/A,N/A,N/A
2024-08-16,RDDT,80.0,0,0,0,0,0,0,"4,051",0,0,0,0,0,nan,0.00,0.00,"4,051",0,N/A,N/A,N/A
2024-08-16,RDDT,100.0,0,0,0,0,0,0,0,0,683,0,0,0,nan,0.00,0.00,683,0,N/A,N/A,N/A
2024-08-16,RIOT,12.0,0,0,"92,294",0,0,0,0,0,0,0,0,0,nan,0.00,0.00,"92,294",0,N/A,N/A,N/A
2024-08-16,RIVN,15.0,0,0,0,0,0,0,0,0,0,"14,132",0,0,nan,0.00,0.00,0,"14,132",N/A,N/A,N/A
2024-08-16,RIVN,17.5,0,0,0,0,0,0,0,0,0,"25,930",0,0,nan,0.00,0.00,0,"25,930",N/A,N/A,N/A
2024-08-16,RIVN,19.0,0,0,0,0,0,0,0,0,"39,086","6,717",0,0,nan,0.00,0.17,"39,086","6,717",N/A,N/A,N/A
2024-08-16,SMCI,850.0,0,0,0,0,0,0,0,855,0,"1,121",0,"1,132",nan,0.00,0.00,0,"3,108",N/A,N/A,N/A
2024-08-16,SOUN,5.0,0,0,0,0,"862,979",0,0,0,0,0,0,0,nan,0.00,0.00,"862,979",0,N/A,N/A,N/A
2024-08-16,SOUN,6.0,0,0,0,0,"1,686",0,"36,128",0,0,0,0,0,nan,0.00,0.00,"37,814",0,N/A,N/A,N/A
2024-08-16,SOUN,7.0,0,0,0,0,"1,409",0,"2,580",0,0,0,0,0,nan,0.00,0.00,"3,989",0,N/A,N/A,N/A
2024-08-16,SOUN,8.0,0,0,0,0,"3,562",0,0,0,0,0,0,0,nan,0.00,0.00,"3,562",0,N/A,N/A,N/A
2024-08-16,SOUN,9.0,0,0,0,0,0,0,"1,351",0,0,0,0,0,nan,0.00,0.00,"1,351",0,N/A,N/A,N/A
2024-08-16,SQ,70.0,0,0,0,0,0,0,0,0,"9,745",0,0,0,nan,0.00,0.00,"9,745",0,N/A,N/A,N/A
2024-08-16,UPST,30.0,0,0,0,0,0,0,"1,495",0,0,0,"1,953",0,nan,0.00,0.00,"3,448",0,N/A,N/A,N/A
2024-08-16,UPST,32.5,0,0,0,0,0,0,0,0,0,0,716,0,nan,0.00,0.00,716,0,N/A,N/A,N/A
2024-08-16,UPST,37.5,0,0,0,0,0,0,0,0,0,0,"12,314",0,nan,0.00,0.00,"12,314",0,N/A,N/A,N/A
2024-08-23,AAPL,230.0,0,0,0,0,0,0,689,0,0,0,0,0,nan,0.00,0.00,689,0,N/A,N/A,N/A
2024-08-23,AAPL,235.0,0,0,625,0,0,0,0,0,0,0,0,0,nan,0.00,0.00,625,0,N/A,N/A,N/A
2024-08-23,AAPL,250.0,0,0,624,0,0,0,0,0,0,0,0,0,nan,0.00,0.00,624,0,N/A,N/A,N/A
2024-08-23,AMZN,180.0,0,0,0,0,0,0,0,600,0,0,0,0,nan,0.00,0.00,0,600,N/A,N/A,N/A
2024-08-23,F,12.5,0,0,0,0,0,0,0,0,0,"4,025",0,0,nan,0.00,0.00,0,"4,025",N/A,N/A,N/A
2024-08-23,LCID,4.0,0,0,0,0,0,0,0,0,0,0,682,0,nan,0.00,0.00,682,0,N/A,N/A,N/A
2024-08-23,NVDA,100.0,0,0,0,0,0,"1,619",0,0,0,0,0,0,nan,0.00,0.00,0,"1,619",N/A,N/A,N/A
2024-08-23,NVDA,114.0,0,0,0,0,0,0,0,0,0,0,0,"1,009",nan,0.00,0.00,0,"1,009",N/A,N/A,N/A
2024-08-23,NVDA,120.0,0,0,0,0,0,0,520,0,0,0,0,0,nan,0.00,0.00,520,0,N/A,N/A,N/A
2024-08-23,NVDA,128.0,0,0,0,0,0,0,0,0,0,0,"4,977",0,nan,0.00,0.00,"4,977",0,N/A,N/A,N/A
2024-08-23,NVDA,129.0,0,0,0,0,0,0,0,0,0,0,"1,339","1,903",nan,1.42,0.00,"1,339","1,903",N/A,N/A,N/A
2024-08-23,NVDA,130.0,0,0,"2,736",0,0,0,0,0,0,0,0,0,nan,0.00,0.00,"2,736",0,N/A,N/A,N/A
2024-08-23,NVDA,131.0,0,0,0,0,643,0,0,0,0,0,"1,098",0,nan,0.00,0.00,"1,741",0,N/A,N/A,N/A
2024-08-23,NVDA,132.0,0,0,"29,759",0,0,0,0,0,0,0,0,0,nan,0.00,0.00,"29,759",0,N/A,N/A,N/A
2024-08-23,NVDA,134.0,0,0,983,0,894,0,0,0,0,0,0,0,nan,0.00,0.00,"1,877",0,N/A,N/A,N/A
2024-08-23,NVDA,135.0,0,0,0,0,0,"2,979",0,0,0,0,0,0,nan,0.00,0.00,0,"2,979",N/A,N/A,N/A
2024-08-23,NVDA,136.0,0,0,0,0,0,0,"1,521",0,0,0,0,0,nan,0.00,0.00,"1,521",0,N/A,N/A,N/A
2024-08-23,NVDA,139.0,0,0,0,0,0,0,0,0,0,0,"1,026",0,nan,0.00,0.00,"1,026",0,N/A,N/A,N/A
2024-08-23,NVDA,140.0,0,0,"3,111",0,0,0,0,0,0,0,0,0,nan,0.00,0.00,"3,111",0,N/A,N/A,N/A
2024-08-23,NVDA,145.0,0,0,0,0,"2,081",0,0,0,0,0,0,0,nan,0.00,0.00,"2,081",0,N/A,N/A,N/A
2024-08-23,NVDA,146.0,0,0,0,0,0,0,0,0,0,0,"1,096",0,nan,0.00,0.00,"1,096",0,N/A,N/A,N/A
2024-08-23,NVDA,150.0,0,0,"3,452",0,0,0,0,0,0,0,0,0,nan,0.00,0.00,"3,452",0,N/A,N/A,N/A
2024-08-23,NVDA,155.0,0,0,0,0,0,0,"22,995",0,0,0,0,0,nan,0.00,0.00,"22,995",0,N/A,N/A,N/A
2024-08-23,SOFI,8.0,0,0,0,0,0,0,0,0,0,0,"6,765",0,nan,0.00,0.00,"6,765",0,N/A,N/A,N/A
2024-08-23,SOUN,5.0,0,0,0,0,"2,045",0,0,0,0,0,0,0,nan,0.00,0.00,"2,045",0,N/A,N/A,N/A
2024-08-30,AAPL,240.0,0,0,0,0,0,0,0,0,0,0,"6,297",0,nan,0.00,0.00,"6,297",0,N/A,N/A,N/A
2024-08-30,AMZN,200.0,0,0,0,0,0,0,0,0,0,0,"1,404",0,nan,0.00,0.00,"1,404",0,N/A,N/A,N/A
2024-08-30,MARA,30.0,0,0,0,0,0,0,0,0,0,0,554,0,nan,0.00,0.00,554,0,N/A,N/A,N/A
2024-08-30,NVDA,130.0,0,0,0,0,0,0,0,0,0,0,"2,462",0,nan,0.00,0.00,"2,462",0,N/A,N/A,N/A
2024-08-30,NVDA,150.0,0,0,0,0,0,0,0,0,0,0,505,0,nan,0.00,0.00,505,0,N/A,N/A,N/A
2024-08-30,SOFI,7.5,0,0,0,0,0,0,0,0,0,0,"3,548",0,nan,0.00,0.00,"3,548",0,N/A,N/A,N/A
2024-08-30,SOFI,8.0,0,0,0,0,0,0,0,0,0,0,"3,583",0,nan,0.00,0.00,"3,583",0,N/A,N/A,N/A
2024-09-20,AAPL,225.0,0,0,0,0,0,0,0,"8,304",0,0,0,0,nan,0.00,0.00,0,"8,304",N/A,N/A,N/A
2024-09-20,AMD,300.0,"130,310",0,0,0,0,0,0,0,0,0,0,0,nan,0.00,0.00,"130,310",0,N/A,N/A,N/A
2024-09-20,COIN,320.0,0,0,0,0,0,0,0,0,0,0,"6,241",0,nan,0.00,0.00,"6,241",0,N/A,N/A,N/A
2024-09-20,DJT,115.0,0,0,0,0,0,0,0,0,0,0,"6,873",0,nan,0.00,0.00,"6,873",0,N/A,N/A,N/A
2024-09-20,F,15.82,0,0,0,0,0,0,0,0,"35,611",0,0,0,nan,0.00,0.00,"35,611",0,N/A,N/A,N/A
2024-09-20,HOOD,27.0,0,0,0,0,0,0,"178,453",0,0,0,0,0,nan,0.00,0.00,"178,453",0,N/A,N/A,N/A
2024-09-20,HOOD,34.0,0,0,0,0,0,0,0,0,0,0,"2,189",0,nan,0.00,0.00,"2,189",0,N/A,N/A,N/A
2024-09-20,LCID,5.0,0,0,0,0,0,0,0,0,"26,082",0,0,0,nan,0.00,0.00,"26,082",0,N/A,N/A,N/A
2024-09-20,META,500.0,0,0,0,0,0,0,0,0,0,0,"13,333",0,nan,0.00,0.00,"13,333",0,N/A,N/A,N/A
2024-09-20,META,590.0,0,0,0,0,0,0,"1,740",0,0,0,0,0,nan,0.00,0.00,"1,740",0,N/A,N/A,N/A
2024-09-20,MSFT,430.0,0,0,0,0,"21,809",0,0,0,0,0,0,0,nan,0.00,0.00,"21,809",0,N/A,N/A,N/A
2024-09-20,NVDA,110.0,0,0,0,0,0,"37,637",0,0,0,0,0,0,nan,0.00,0.00,0,"37,637",N/A,N/A,N/A
2024-09-20,NVDA,129.0,0,0,0,0,0,0,0,0,0,0,0,"14,257",nan,0.00,0.00,0,"14,257",N/A,N/A,N/A
2024-09-20,NVDA,200.0,0,0,0,0,0,0,0,0,0,0,"26,850",0,nan,0.00,0.00,"26,850",0,N/A,N/A,N/A
2024-09-20,RDDT,72.5,0,0,0,0,0,0,979,0,0,0,0,0,nan,0.00,0.00,979,0,N/A,N/A,N/A
2024-09-20,RIVN,19.0,0,0,0,0,0,0,0,0,"2,902",0,0,0,nan,0.00,0.00,"2,902",0,N/A,N/A,N/A
2024-09-20,RIVN,20.0,0,0,0,0,0,0,0,0,"14,404",0,0,0,nan,0.00,0.00,"14,404",0,N/A,N/A,N/A
2024-09-20,SMCI,"1,000.0",0,0,"1,852",0,0,0,0,0,0,0,0,0,nan,0.00,0.00,"1,852",0,N/A,N/A,N/A
2024-09-20,SOUN,6.0,0,0,0,0,"1,903",0,0,0,0,0,0,0,nan,0.00,0.00,"1,903",0,N/A,N/A,N/A
2024-09-20,SOUN,7.0,0,0,0,0,587,0,0,0,0,0,0,0,nan,0.00,0.00,587,0,N/A,N/A,N/A
2024-09-20,SOUN,9.0,0,0,0,0,0,0,693,0,"122,770",0,0,0,nan,0.00,0.00,"123,463",0,N/A,N/A,N/A
2024-09-20,UPST,32.5,0,0,0,0,0,0,0,0,0,0,"1,874",0,nan,0.00,0.00,"1,874",0,N/A,N/A,N/A
2024-10-18,DAL,50.0,0,0,0,0,0,0,0,0,"9,180",0,0,0,nan,0.00,0.00,"9,180",0,N/A,N/A,N/A
2024-10-18,DJT,35.0,0,0,0,0,0,0,0,0,0,0,528,0,nan,0.00,0.00,528,0,N/A,N/A,N/A
2024-10-18,HOOD,28.0,0,0,0,0,0,0,0,0,0,0,"1,715",0,nan,0.00,0.00,"1,715",0,N/A,N/A,N/A
2024-10-18,NVDA,85.0,0,0,0,"8,510",0,0,0,0,0,0,0,0,nan,0.00,0.00,0,"8,510",N/A,N/A,N/A
2024-10-18,NVDA,135.0,0,0,0,0,0,0,0,"1,626",0,0,0,0,nan,0.00,0.00,0,"1,626",N/A,N/A,N/A
2024-10-18,NVDA,136.0,0,0,0,"1,349",0,0,0,0,0,0,0,0,nan,0.00,0.00,0,"1,349",N/A,N/A,N/A
2024-10-18,NVDA,180.0,0,0,"43,192",0,0,0,0,0,0,0,0,0,nan,0.00,0.00,"43,192",0,N/A,N/A,N/A
2024-10-18,RBLX,55.0,0,0,500,0,0,0,0,0,0,0,0,0,nan,0.00,0.00,500,0,N/A,N/A,N/A
2024-10-18,SOUN,15.0,0,0,0,0,0,0,0,0,"17,006",0,0,0,nan,0.00,0.00,"17,006",0,N/A,N/A,N/A
2024-11-15,AAPL,225.0,0,0,0,513,0,0,0,0,0,0,0,0,nan,0.00,0.00,0,513,N/A,N/A,N/A
2024-11-15,C,65.0,0,0,0,0,0,"25,980",0,0,0,0,0,0,nan,0.00,0.00,0,"25,980",N/A,N/A,N/A
2024-11-15,C,70.0,0,0,0,0,0,0,0,0,"10,052",0,0,0,nan,0.00,0.00,"10,052",0,N/A,N/A,N/A
2024-11-15,DAL,46.0,0,0,0,0,0,0,0,0,515,0,0,0,nan,0.00,0.00,515,0,N/A,N/A,N/A
2024-11-15,HOOD,27.0,0,0,"28,461",0,0,0,0,0,0,0,0,0,nan,0.00,0.00,"28,461",0,N/A,N/A,N/A
2024-11-15,LCID,3.0,0,0,0,0,0,0,"2,010",0,0,0,0,0,nan,0.00,0.00,"2,010",0,N/A,N/A,N/A
2024-11-15,NKE,100.0,0,0,0,0,0,0,0,652,0,0,0,0,nan,0.00,0.00,0,652,N/A,N/A,N/A
2024-11-15,NVDA,135.0,0,0,0,0,789,0,0,0,0,0,0,0,nan,0.00,0.00,789,0,N/A,N/A,N/A
2024-12-20,F,18.0,0,0,0,0,0,0,0,0,"25,625",0,0,0,nan,0.00,0.00,"25,625",0,N/A,N/A,N/A
2024-12-20,NVDA,226.0,0,0,0,0,"1,151",0,0,0,0,0,0,0,nan,0.00,0.00,"1,151",0,N/A,N/A,N/A
2024-12-20,RIVN,24.0,0,0,0,0,0,0,0,0,581,0,0,0,nan,0.00,0.00,581,0,N/A,N/A,N/A
2024-12-20,SQ,72.5,0,0,0,0,0,0,817,0,0,0,0,0,nan,0.00,0.00,817,0,N/A,N/A,N/A
2025-01-17,AAPL,340.0,0,0,0,0,0,0,"3,606",0,0,0,0,0,nan,0.00,0.00,"3,606",0,N/A,N/A,N/A
2025-01-17,AFRM,35.0,0,0,"3,742",0,0,0,0,0,0,0,0,0,nan,0.00,0.00,"3,742",0,N/A,N/A,N/A
2025-01-17,DAL,55.0,0,0,0,0,0,0,"10,175",0,0,0,0,0,nan,0.00,0.00,"10,175",0,N/A,N/A,N/A
2025-01-17,DAL,60.0,0,0,0,0,"91,804",0,0,0,0,0,0,0,nan,0.00,0.00,"91,804",0,N/A,N/A,N/A
2025-01-17,NKE,110.0,0,0,0,0,0,0,0,982,0,0,0,0,nan,0.00,0.00,0,982,N/A,N/A,N/A
2025-01-17,NVDA,135.0,0,0,0,0,"4,121",0,0,0,0,0,0,0,nan,0.00,0.00,"4,121",0,N/A,N/A,N/A
2025-01-17,NVDA,138.0,0,0,0,0,"46,712",0,0,0,0,0,0,0,nan,0.00,0.00,"46,712",0,N/A,N/A,N/A
2025-01-17,RIVN,14.0,0,0,0,0,0,0,0,0,0,"7,132",0,0,nan,0.00,0.00,0,"7,132",N/A,N/A,N/A
2025-01-17,SOUN,8.0,0,0,0,0,0,0,0,0,966,0,0,0,nan,0.00,0.00,966,0,N/A,N/A,N/A
2025-02-21,HOOD,30.0,0,0,"86,936",0,0,0,0,0,0,0,0,0,nan,0.00,0.00,"86,936",0,N/A,N/A,N/A
2025-03-21,MSFT,570.0,0,0,0,0,852,0,0,0,0,0,0,0,nan,0.00,0.00,852,0,N/A,N/A,N/A
2025-03-21,MSFT,610.0,0,0,0,0,"1,733",0,0,0,0,0,0,0,nan,0.00,0.00,"1,733",0,N/A,N/A,N/A
2025-03-21,NVDA,220.0,0,0,0,0,0,0,556,0,0,0,0,0,nan,0.00,0.00,556,0,N/A,N/A,N/A
2025-03-21,NVDA,230.0,0,0,0,0,0,0,556,0,0,0,0,0,nan,0.00,0.00,556,0,N/A,N/A,N/A
2025-06-20,NVDA,135.0,0,0,0,0,0,0,"1,006",0,0,0,0,0,nan,0.00,0.00,"1,006",0,N/A,N/A,N/A
2025-06-20,RIVN,25.0,0,0,0,0,0,0,0,0,"1,575",0,0,0,nan,0.00,0.00,"1,575",0,N/A,N/A,N/A
2025-07-18,CLSK,20.0,0,0,0,0,0,0,0,"12,034",0,0,0,0,nan,0.00,0.00,0,"12,034",N/A,N/A,N/A
2025-09-19,AAPL,230.0,0,0,0,0,0,0,0,0,0,0,0,"5,839",nan,0.00,0.00,0,"5,839",N/A,N/A,N/A
2025-09-19,NVDA,134.0,0,0,0,0,"2,053",0,0,0,0,0,0,0,nan,0.00,0.00,"2,053",0,N/A,N/A,N/A
2025-09-19,SOFI,12.0,0,0,0,0,0,0,0,0,0,0,"1,858",0,nan,0.00,0.00,"1,858",0,N/A,N/A,N/A
2025-09-19,SOFI,15.0,0,0,0,0,0,0,0,0,0,0,"1,896",0,nan,0.00,0.00,"1,896",0,N/A,N/A,N/A
2025-12-19,F,14.82,0,0,0,0,0,0,0,0,0,"4,407",0,0,nan,0.00,0.00,0,"4,407",N/A,N/A,N/A
2025-12-19,MU,280.0,0,0,0,0,"1,998",0,0,0,0,0,0,0,nan,0.00,0.00,"1,998",0,N/A,N/A,N/A
2026-01-16,AAPL,50.0,0,0,0,0,0,0,0,0,546,0,0,0,nan,0.00,0.00,546,0,N/A,N/A,N/A
2026-01-16,AAPL,280.0,0,0,"9,300",0,0,0,0,0,0,0,0,0,nan,0.00,0.00,"9,300",0,N/A,N/A,N/A
2026-01-16,AAPL,320.0,0,0,"62,677",0,0,0,0,0,0,0,0,0,nan,0.00,0.00,"62,677",0,N/A,N/A,N/A
2026-01-16,NKE,50.0,0,0,0,0,0,"1,367",0,0,0,0,0,0,nan,0.00,0.00,0,"1,367",N/A,N/A,N/A
2026-01-16,ZM,55.0,0,0,0,0,"1,576",0,0,0,0,0,0,0,nan,0.00,0.00,"1,576",0,N/A,N/A,N/A
2026-06-18,NVDA,220.0,0,0,0,0,0,0,0,0,"1,556",0,0,0,nan,0.00,0.00,"1,556",0,N/A,N/A,N/A
