Ticker,Company,Sector,Industry,Country
A,Agilent Technologies Inc.,Healthcare,Diagnostics & Research,USA
AA,Alcoa Corp,Basic Materials,Aluminum,USA
AAL,American Airlines Group Inc,Industrials,Airlines,USA
AAON,AAON Inc.,Industrials,Building Products & Equipment,USA
AAP,Advance Auto Parts Inc,Consumer Cyclical,Specialty Retail,USA
AAPL,Apple Inc,Technology,Consumer Electronics,USA
AB,AllianceBernstein Holding Lp,Financial,Asset Management,USA
ABBV,Abbvie Inc,Healthcare,Drug Manufacturers - General,USA
ABCB,Ameris Bancorp,Financial,Banks - Regional,USA
ABG,Asbury Automotive Group Inc,Consumer Cyclical,Auto & Truck Dealerships,USA
ABM,ABM Industries Inc.,Industrials,Specialty Business Services,USA
ABNB,Airbnb Inc,Consumer Cyclical,Travel Services,USA
ABR,Arbor Realty Trust Inc.,Real Estate,REIT - Mortgage,USA
ABT,Abbott Laboratories,Healthcare,Medical Devices,USA
ACA,Arcosa Inc,Industrials,Engineering & Construction,USA
ACAD,Acadia Pharmaceuticals Inc,Healthcare,Biotechnology,USA
ACHC,Acadia Healthcare Company Inc,Healthcare,Medical Care Facilities,USA
ACI,Albertsons Companies Inc,Consumer Defensive,Grocery Stores,USA
ACIW,ACI Worldwide Inc,Technology,Software - Infrastructure,USA
ACLS,Axcelis Technologies Inc,Technology,Semiconductor Equipment & Materials,USA
ACLX,Arcellx Inc,Healthcare,Biotechnology,USA
ACM,AECOM,Industrials,Engineering & Construction,USA
ACN,Accenture plc,Technology,Information Technology Services,Ireland
ACT,Enact Holdings Inc,Financial,Insurance - Specialty,USA
ACVA,ACV Auctions Inc,Consumer Cyclical,Auto & Truck Dealerships,USA
ADBE,Adobe Inc,Technology,Software - Infrastructure,USA
ADC,Agree Realty Corp.,Real Estate,REIT - Retail,USA
ADI,Analog Devices Inc.,Technology,Semiconductors,USA
ADM,Archer Daniels Midland Co.,Consumer Defensive,Farm Products,USA
ADNT,Adient plc,Consumer Cyclical,Auto Parts,USA
ADP,Automatic Data Processing Inc.,Industrials,Staffing & Employment Services,USA
ADSK,Autodesk Inc.,Technology,Software - Application,USA
ADT,ADT Inc,Industrials,Security & Protection Services,USA
AEG,Aegon Ltd.,Financial,Insurance - Diversified,Netherlands
AEIS,Advanced Energy Industries Inc.,Industrials,Electrical Equipment & Parts,USA
AEL,American Equity Investment Life Holding Co,Financial,Insurance - Life,USA
AEM,Agnico Eagle Mines Ltd,Basic Materials,Gold,Canada
AEO,American Eagle Outfitters Inc.,Consumer Cyclical,Apparel Retail,USA
AER,Aercap Holdings N.V.,Industrials,Rental & Leasing Services,Ireland
AFG,American Financial Group Inc,Financial,Insurance - Property & Casualty,USA
AFL,Aflac Inc.,Financial,Insurance - Life,USA
AFRM,Affirm Holdings Inc,Technology,Software - Infrastructure,USA
AGCO,AGCO Corp.,Industrials,Farm & Heavy Construction Machinery,USA
AGI,Alamos Gold Inc.,Basic Materials,Gold,Canada
AGL,Agilon Health Inc,Healthcare,Medical Care Facilities,USA
AGNC,AGNC Investment Corp,Real Estate,REIT - Mortgage,USA
AI,C3.ai Inc,Technology,Software - Application,USA
AIG,American International Group Inc,Financial,Insurance - Diversified,USA
AIN,Albany International Corp.,Consumer Cyclical,Textile Manufacturing,USA
AIR,AAR Corp.,Industrials,Aerospace & Defense,USA
AIRC,Apartment Income REIT Corp,Real Estate,REIT - Residential,USA
AIT,Applied Industrial Technologies Inc.,Industrials,Industrial Distribution,USA
AIZ,Assurant Inc,Financial,Insurance - Specialty,USA
AJG,Arthur J. Gallagher & Co.,Financial,Insurance Brokers,USA
AKAM,Akamai Technologies Inc,Technology,Software - Infrastructure,USA
AL,Air Lease Corp,Industrials,Rental & Leasing Services,USA
ALB,Albemarle Corp.,Basic Materials,Specialty Chemicals,USA
ALC,Alcon Inc.,Healthcare,Medical Instruments & Supplies,Switzerland
ALG,Alamo Group Inc.,Industrials,Farm & Heavy Construction Machinery,USA
ALGM,Allegro Microsystems Inc.,Technology,Semiconductors,USA
ALGN,Align Technology,,,
ALIT,Alight Inc.,Technology,Software - Application,USA
ALK,Alaska Air Group Inc.,Industrials,Airlines,USA
ALKS,Alkermes plc,Healthcare,Drug Manufacturers - Specialty & Generic,Ireland
ALKT,Alkami Technology Inc,Technology,Software - Application,USA
ALL,Allstate Corp,Financial,Insurance - Property & Casualty,USA
ALLE,Allegion plc,Industrials,Security & Protection Services,Ireland
ALLY,Ally Financial Inc,Financial,Credit Services,USA
ALNY,Alnylam Pharmaceuticals Inc,Healthcare,Biotechnology,USA
ALRM,Alarm.com Holdings Inc,Technology,Software - Application,USA
ALSN,Allison Transmission Holdings Inc,Consumer Cyclical,Auto Parts,USA
ALTR,Altair Engineering Inc,Technology,Software - Infrastructure,USA
ALV,Autoliv Inc.,Consumer Cyclical,Auto Parts,Sweden
ALVO,Alvotech,Healthcare,Drug Manufacturers - Specialty & Generic,Luxembourg
AMAT,Applied Materials Inc.,Technology,Semiconductor Equipment & Materials,USA
AMBA,Ambarella Inc,Technology,Semiconductor Equipment & Materials,USA
AMBP,Ardagh Metal Packaging S.A.,Consumer Cyclical,Packaging & Containers,Luxembourg
AMCR,Amcor Plc,Consumer Cyclical,Packaging & Containers,United Kingdom
AMD,Advanced Micro Devices Inc.,Technology,Semiconductors,USA
AME,Ametek Inc,Industrials,Specialty Industrial Machinery,USA
AMED,Amedisys Inc.,Healthcare,Medical Care Facilities,USA
AMEH,Apollo Medical Holdings Inc,Healthcare,Medical Care Facilities,USA
AMG,Affiliated Managers Group Inc.,Financial,Asset Management,USA
AMGN,AMGEN Inc.,Healthcare,Drug Manufacturers - General,USA
AMH,American Homes 4 Rent,Real Estate,REIT - Residential,USA
AMK,Assetmark Financial Holdings Inc,Financial,Asset Management,USA
AMKR,AMKOR Technology Inc.,Technology,Semiconductor Equipment & Materials,USA
AMN,AMN Healthcare Services Inc.,Healthcare,Medical Care Facilities,USA
AMP,Ameriprise Financial Inc,Financial,Asset Management,USA
AMPH,Amphastar Pharmaceuticals Inc,Healthcare,Drug Manufacturers - Specialty & Generic,USA
AMR,Alpha Metallurgical Resources Inc,Basic Materials,Coking Coal,USA
AMT,American Tower Corp.,Real Estate,REIT - Specialty,USA
AMZN,Amazon.com Inc.,Consumer Cyclical,Internet Retail,USA
AN,Autonation Inc.,Consumer Cyclical,Auto & Truck Dealerships,USA
ANET,Arista Networks Inc,Technology,Computer Hardware,USA
ANF,Abercrombie & Fitch Co.,Consumer Cyclical,Apparel Retail,USA
ANSS,Ansys Inc.,Technology,Software - Application,USA
AON,Aon plc.,Financial,Insurance Brokers,Ireland
AOS,A.O. Smith Corp.,Industrials,Specialty Industrial Machinery,USA
APAM,Artisan Partners Asset Management Inc,Financial,Asset Management,USA
APD,Air Products & Chemicals Inc.,Basic Materials,Specialty Chemicals,USA
APG,APi Group Corporation,Industrials,Engineering & Construction,USA
APH,Amphenol Corp.,Technology,Electronic Components,USA
APLE,Apple Hospitality REIT Inc,Real Estate,REIT - Hotel & Motel,USA
APLS,Apellis Pharmaceuticals Inc,Healthcare,Biotechnology,USA
APO,Apollo Global Management Inc,Financial,Asset Management,USA
APP,Applovin Corp,Technology,Software - Application,USA
APPF,Appfolio Inc,Technology,Software - Application,USA
APPN,Appian Corp,Technology,Software - Infrastructure,USA
APTV,Aptiv PLC,Consumer Cyclical,Auto Parts,Ireland
ARCB,ArcBest Corp,Industrials,Trucking,USA
ARCC,Ares Capital Corporation,Financial,Asset Management,USA
ARCH,Arch Resources Inc,Basic Materials,Coking Coal,USA
ARCO,Arcos Dorados Holdings Inc,Consumer Cyclical,Restaurants,USA
ARDX,Ardelyx Inc,Healthcare,Biotechnology,USA
ARE,Alexandria Real Estate Equities Inc.,Real Estate,REIT - Office,USA
ARES,Ares Management Corp,Financial,Asset Management,USA
ARGX,Argen X SE ADR,Healthcare,Biotechnology,Netherlands
ARM,Arm Holdings plc. ADR,Technology,Semiconductors,United Kingdom
ARMK,Aramark,Industrials,Specialty Business Services,USA
ARRY,Array Technologies Inc,Technology,Solar,USA
ARVN,Arvinas Inc,Healthcare,Biotechnology,USA
ARW,Arrow Electronics Inc.,Technology,Electronics & Computer Distribution,USA
ARWR,Arrowhead Pharmaceuticals Inc.,Healthcare,Biotechnology,USA
ASAN,Asana Inc,Technology,Software - Application,USA
ASB,Associated Banc-Corp.,Financial,Banks - Regional,USA
ASGN,ASGN Inc,Technology,Information Technology Services,USA
ASH,Ashland Inc,Basic Materials,Specialty Chemicals,USA
ASML,ASML Holding NV,Technology,Semiconductor Equipment & Materials,Netherlands
ASND,Ascendis Pharma A/S ADR,Healthcare,Biotechnology,Denmark
ASO,Academy Sports and Outdoors Inc,Consumer Cyclical,Specialty Retail,USA
ATEC,Alphatec Holdings Inc,Healthcare,Medical Devices,USA
ATGE,Adtalem Global Education Inc,Consumer Defensive,Education & Training Services,USA
ATI,ATI Inc,Industrials,Metal Fabrication,USA
ATKR,Atkore Inc,Industrials,Electrical Equipment & Parts,USA
ATR,Aptargroup Inc.,Healthcare,Medical Instruments & Supplies,USA
ATS,ATS Corporation.,Industrials,Specialty Industrial Machinery,Canada
AU,AngloGold Ashanti Plc.,Basic Materials,Gold,United Kingdom
AUB,Atlantic Union Bankshares Corp,Financial,Banks - Regional,USA
AUR,Aurora Innovation Inc,Technology,Information Technology Services,USA
AVAV,AeroVironment Inc.,Industrials,Aerospace & Defense,USA
AVB,Avalonbay Communities Inc.,Real Estate,REIT - Residential,USA
AVDX,AvidXchange Holdings Inc,Technology,Software - Infrastructure,USA
AVGO,Broadcom Inc,Technology,Semiconductors,USA
AVNT,Avient Corp,Basic Materials,Specialty Chemicals,USA
AVT,Avnet Inc.,Technology,Electronics & Computer Distribution,USA
AVTR,Avantor Inc.,Basic Materials,Specialty Chemicals,USA
AVY,Avery Dennison Corp.,Consumer Cyclical,Packaging & Containers,USA
AWI,Armstrong World Industries Inc.,Industrials,Building Products & Equipment,USA
AX,Axos Financial Inc.,Financial,Banks - Regional,USA
AXNX,Axonics Inc,Healthcare,Medical Devices,USA
AXON,Axon Enterprise Inc,Industrials,Aerospace & Defense,USA
AXP,American Express Co.,Financial,Credit Services,USA
AXSM,Axsome Therapeutics Inc,Healthcare,Biotechnology,USA
AXTA,Axalta Coating Systems Ltd,Basic Materials,Specialty Chemicals,USA
AYI,Acuity Brands,,,
AYX,Alteryx Inc,Technology,Software - Application,USA
AZEK,AZEK Company Inc,Industrials,Building Products & Equipment,USA
AZN,Astrazeneca plc ADR,Healthcare,Drug Manufacturers - General,United Kingdom
AZO,Autozone Inc.,Consumer Cyclical,Specialty Retail,USA
AZPN,Aspen Technology Inc,Technology,Software - Application,USA
AZTA,Azenta Inc,Healthcare,Medical Instruments & Supplies,USA
BA,Boeing Co.,Industrials,Aerospace & Defense,USA
BAC,Bank Of America Corp.,Financial,Banks - Diversified,USA
BAH,Booz Allen Hamilton Holding Corp,Industrials,Consulting Services,USA
BALL,Ball Corp.,Consumer Cyclical,Packaging & Containers,USA
BAM,Brookfield Asset Management Ltd,Financial,Asset Management,Canada
BANC,Banc of California Inc,Financial,Banks - Regional,USA
BANF,Bancfirst Corp.,Financial,Banks - Regional,USA
BATRA,Atlanta Braves Holdings Inc,Communication Services,Entertainment,USA
BATRK,Atlanta Braves Holdings Inc,Communication Services,Entertainment,USA
BAX,Baxter International Inc.,Healthcare,Medical Instruments & Supplies,USA
BB,BlackBerry Ltd,Technology,Software - Infrastructure,Canada
BBIO,BridgeBio Pharma Inc,Healthcare,Biotechnology,USA
BBUC,Brookfield Business Corp,Financial,Asset Management,USA
BBVA,Banco Bilbao Vizcaya Argentaria. ADR,Financial,Banks - Diversified,Spain
BBWI,Bath & Body Works Inc,Consumer Cyclical,Specialty Retail,USA
BBY,Best Buy Co. Inc.,Consumer Cyclical,Specialty Retail,USA
BC,Brunswick Corp.,Consumer Cyclical,Recreational Vehicles,USA
BCC,Boise Cascade Co,Basic Materials,Building Materials,USA
BCE,BCE Inc,Communication Services,Telecom Services,Canada
BCO,Brink's Co.,Industrials,Security & Protection Services,USA
BCPC,Balchem Corp.,Basic Materials,Specialty Chemicals,USA
BCS,Barclays plc ADR,Financial,Banks - Diversified,United Kingdom
BDC,Belden Inc,Technology,Communication Equipment,USA
BDX,Becton Dickinson & Co.,Healthcare,Medical Instruments & Supplies,USA
BE,Bloom Energy Corp,Industrials,Electrical Equipment & Parts,USA
BEAM,Beam Therapeutics Inc,Healthcare,Biotechnology,USA
BECN,Beacon Roofing Supply Inc,Industrials,Industrial Distribution,USA
BEN,Franklin Resources,,,
BERY,Berry Global Group Inc,Consumer Cyclical,Packaging & Containers,USA
BF-A,Brown-Forman Corp.,Consumer Defensive,Beverages - Wineries & Distilleries,USA
BF-B,Brown-Forman Corp.,Consumer Defensive,Beverages - Wineries & Distilleries,USA
BFAM,Bright Horizons Family Solutions,,,
BG,Bunge Global SA,Consumer Defensive,Farm Products,Switzerland
BHC,Bausch Health Companies Inc,Healthcare,Drug Manufacturers - Specialty & Generic,Canada
BHF,Brighthouse Financial Inc,Financial,Insurance - Life,USA
BHVN,Biohaven Ltd,Healthcare,Biotechnology,USA
BIIB,Biogen Inc,Healthcare,Drug Manufacturers - General,USA
BILL,BILL Holdings Inc,Technology,Software - Application,USA
BIO,Bio-Rad Laboratories Inc.,Healthcare,Medical Devices,USA
BIRK,Birkenstock Holding Plc,Consumer Cyclical,Footwear & Accessories,United Kingdom
BJ,BJ's Wholesale Club Holdings Inc,Consumer Defensive,Discount Stores,USA
BK,Bank Of New York Mellon Corp,Financial,Asset Management,USA
BKE,Buckle,,,
BKNG,Booking Holdings Inc,Consumer Cyclical,Travel Services,USA
BKU,BankUnited Inc,Financial,Banks - Regional,USA
BL,BlackLine Inc,Technology,Software - Application,USA
BLCO,Bausch + Lomb Corp,Healthcare,Medical Instruments & Supplies,Canada
BLD,TopBuild Corp,Industrials,Engineering & Construction,USA
BLDR,Builders Firstsource Inc,Industrials,Building Products & Equipment,USA
BLK,Blackrock Inc.,Financial,Asset Management,USA
BLKB,Blackbaud Inc,Technology,Software - Application,USA
BLMN,Bloomin Brands Inc,Consumer Cyclical,Restaurants,USA
BMI,Badger Meter Inc.,Technology,Scientific & Technical Instruments,USA
BMO,Bank of Montreal,Financial,Banks - Diversified,USA
BMRN,Biomarin Pharmaceutical Inc.,Healthcare,Biotechnology,USA
BMY,Bristol-Myers Squibb Co.,Healthcare,Drug Manufacturers - General,USA
BN,Brookfield Corporation,Financial,Asset Management,Canada
BNL,Broadstone Net Lease Inc,Real Estate,REIT - Diversified,USA
BNS,Bank Of Nova Scotia,Financial,Banks - Diversified,Canada
BNTX,BioNTech SE ADR,Healthcare,Biotechnology,Germany
BOH,Bank of Hawaii Corp.,Financial,Banks - Regional,USA
BOKF,BOK Financial Corp.,Financial,Banks - Regional,USA
BOOT,Boot Barn Holdings Inc,Consumer Cyclical,Apparel Retail,USA
BOX,Box Inc,Technology,Software - Infrastructure,USA
BPMC,Blueprint Medicines Corp,Healthcare,Biotechnology,USA
BPOP,Popular Inc.,Financial,Banks - Regional,USA
BR,Broadridge Financial Solutions,,,
BRBR,Bellring Brands Inc,Consumer Defensive,Packaged Foods,USA
BRC,Brady Corp.,Industrials,Security & Protection Services,USA
BRK-A,Berkshire Hathaway Inc.,Financial,Insurance - Diversified,USA
BRK-B,Berkshire Hathaway Inc.,Financial,Insurance - Diversified,USA
BRKR,Bruker Corp,Healthcare,Medical Devices,USA
BRO,Brown & Brown,,,
BROS,Dutch Bros Inc,Consumer Cyclical,Restaurants,USA
BRX,Brixmor Property Group Inc,Real Estate,REIT - Retail,USA
BRZE,Braze Inc,Technology,Software - Application,USA
BSX,Boston Scientific Corp.,Healthcare,Medical Devices,USA
BSY,Bentley Systems Inc,Technology,Software - Application,USA
BTG,B2gold Corp,Basic Materials,Gold,Canada
BTI,British American Tobacco Plc ADR,Consumer Defensive,Tobacco,United Kingdom
BUD,Anheuser-Busch InBev SA/NV ADR,Consumer Defensive,Beverages - Brewers,Belgium
BUR,Burford Capital Limited,Financial,Asset Management,United Kingdom
BURL,Burlington Stores Inc,Consumer Cyclical,Apparel Retail,USA
BWA,BorgWarner Inc,Consumer Cyclical,Auto Parts,USA
BWXT,BWX Technologies Inc,Industrials,Aerospace & Defense,USA
BX,Blackstone Inc,Financial,Asset Management,USA
BXMT,Blackstone Mortgage Trust Inc,Real Estate,REIT - Mortgage,USA
BXP,Boston Properties,,,
BXSL,Blackstone Secured Lending Fund,Financial,Asset Management,USA
BYD,Boyd Gaming Corp.,Consumer Cyclical,Resorts & Casinos,USA
C,Citigroup Inc,Financial,Banks - Diversified,USA
CAAP,Corporacion America Airports S.A.,Industrials,Airports & Air Services,Luxembourg
CABO,Cable One Inc,Communication Services,Telecom Services,USA
CACC,Credit Acceptance Corp.,Financial,Credit Services,USA
CACI,Caci International Inc.,Technology,Information Technology Services,USA
CADE,Cadence Bank,Financial,Banks - Regional,USA
CAE,Cae Inc.,Industrials,Aerospace & Defense,Canada
CAG,Conagra Brands Inc,Consumer Defensive,Packaged Foods,USA
CAH,Cardinal Health,,,
CALM,Cal-Maine Foods,,,
CALX,Calix Inc,Technology,Software - Application,USA
CAR,Avis Budget Group Inc,Industrials,Rental & Leasing Services,USA
CARG,CarGurus Inc,Consumer Cyclical,Auto & Truck Dealerships,USA
CARR,Carrier Global Corp,Industrials,Building Products & Equipment,USA
CART,Maplebear Inc.,Consumer Cyclical,Internet Retail,USA
CASY,Casey's General Stores,,,
CAT,Caterpillar Inc.,Industrials,Farm & Heavy Construction Machinery,USA
CATY,Cathay General Bancorp,Financial,Banks - Regional,USA
CAVA,Cava Group Inc,Consumer Cyclical,Restaurants,USA
CB,Chubb Limited,Financial,Insurance - Property & Casualty,Switzerland
CBAY,Cymabay Therapeutics Inc,Healthcare,Biotechnology,USA
CBOE,Cboe Global Markets Inc.,Financial,Financial Data & Stock Exchanges,USA
CBRE,CBRE Group Inc,Real Estate,Real Estate Services,USA
CBSH,Commerce Bancshares,,,
CBT,Cabot Corp.,Basic Materials,Specialty Chemicals,USA
CBU,Community Bank System,,,
CBZ,Cbiz Inc,Industrials,Specialty Business Services,USA
CC,Chemours Company,Basic Materials,Specialty Chemicals,USA
CCCS,CCC Intelligent Solutions Holdings Inc,Technology,Software - Infrastructure,USA
CCEP,Coca-Cola Europacific Partners Plc,Consumer Defensive,Beverages - Non-Alcoholic,United Kingdom
CCI,Crown Castle Inc,Real Estate,REIT - Specialty,USA
CCK,Crown Holdings,,,
CCL,Carnival Corp.,Consumer Cyclical,Travel Services,USA
CCOI,Cogent Communications Holdings Inc,Communication Services,Telecom Services,USA
CCS,Century Communities Inc,Consumer Cyclical,Residential Construction,USA
CDAY,Ceridian HCM Holding Inc.,Technology,Software - Application,USA
CDNS,Cadence Design Systems,,,
CDP,COPT Defense Properties,Real Estate,REIT - Office,USA
CDW,CDW Corp,Technology,Information Technology Services,USA
CE,Celanese Corp,Basic Materials,Chemicals,USA
CEF,Sprott Physical Gold and Silver Trust,Financial,Asset Management,Canada
CELH,Celsius Holdings Inc,Consumer Defensive,Beverages - Non-Alcoholic,USA
CENT,Central Garden & Pet Co.,Consumer Defensive,Packaged Foods,USA
CENTA,Central Garden & Pet Co.,Consumer Defensive,Packaged Foods,USA
CERE,Cerevel Therapeutics Holdings Inc,Healthcare,Biotechnology,USA
CERT,Certara Inc,Healthcare,Health Information Services,USA
CF,CF Industries Holdings Inc,Basic Materials,Agricultural Inputs,USA
CFG,Citizens Financial Group Inc,Financial,Banks - Regional,USA
CFLT,Confluent Inc,Technology,Software - Infrastructure,USA
CFR,Cullen Frost Bankers Inc.,Financial,Banks - Regional,USA
CG,Carlyle Group Inc,Financial,Asset Management,USA
CGNX,Cognex Corp.,Technology,Scientific & Technical Instruments,USA
CHD,Church & Dwight Co.,,,
CHDN,Churchill Downs,,,
CHE,Chemed Corp.,Healthcare,Medical Care Facilities,USA
CHH,Choice Hotels International,,,
CHRW,C.H. Robinson Worldwide,,,
CHTR,Charter Communications Inc.,Communication Services,Telecom Services,USA
CHWY,Chewy Inc,Consumer Cyclical,Internet Retail,USA
CI,Cigna Group,Healthcare,Healthcare Plans,USA
CIEN,CIENA Corp.,Technology,Communication Equipment,USA
CIGI,Colliers International Group Inc,Real Estate,Real Estate Services,Canada
CINF,Cincinnati Financial Corp.,Financial,Insurance - Property & Casualty,USA
CL,Colgate-Palmolive Co.,Consumer Defensive,Household & Personal Products,USA
CLDX,Celldex Therapeutics Inc.,Healthcare,Biotechnology,USA
CLF,Cleveland-Cliffs Inc,Basic Materials,Steel,USA
CLH,Clean Harbors,,,
CLS,Celestica,,,
CLVT,Clarivate Plc,Technology,Information Technology Services,United Kingdom
CLX,Clorox Co.,Consumer Defensive,Household & Personal Products,USA
CM,Canadian Imperial Bank Of Commerce,Financial,Banks - Diversified,Canada
CMA,Comerica,,,
CMC,Commercial Metals Co.,Basic Materials,Steel,USA
CMCSA,Comcast Corp,Communication Services,Telecom Services,USA
CME,CME Group Inc,Financial,Financial Data & Stock Exchanges,USA
CMG,Chipotle Mexican Grill,Consumer Cyclical,Restaurants,USA
CMI,Cummins Inc.,Industrials,Specialty Industrial Machinery,USA
CNA,CNA Financial Corp.,Financial,Insurance - Property & Casualty,USA
CNC,Centene Corp.,Healthcare,Healthcare Plans,USA
CNHI,CNH Industrial NV,Industrials,Farm & Heavy Construction Machinery,United Kingdom
CNI,Canadian National Railway Co.,Industrials,Railroads,Canada
CNM,Core & Main Inc,Industrials,Industrial Distribution,USA
CNMD,Conmed Corp.,Healthcare,Medical Devices,USA
CNO,CNO Financial Group Inc,Financial,Insurance - Life,USA
CNS,Cohen & Steers Inc.,Financial,Asset Management,USA
CNXC,Concentrix Corp.,Technology,Information Technology Services,USA
COF,Capital One Financial Corp.,Financial,Credit Services,USA
COHR,Coherent Corp,Technology,Scientific & Technical Instruments,USA
COIN,Coinbase Global Inc,Financial,Financial Data & Stock Exchanges,USA
COKE,Coca-Cola Consolidated Inc,Consumer Defensive,Beverages - Non-Alcoholic,USA
COLB,Columbia Banking System,,,
COLD,Americold Realty Trust Inc,Real Estate,REIT - Industrial,USA
COLM,Columbia Sportswear Co.,Consumer Cyclical,Apparel Manufacturing,USA
COO,Cooper Companies,,,
COOP,Mr. Cooper Group Inc,Financial,Mortgage Finance,USA
COR,Cencora Inc.,Healthcare,Medical Distribution,USA
CORT,Corcept Therapeutics Inc,Healthcare,Biotechnology,USA
COST,Costco Wholesale Corp,Consumer Defensive,Discount Stores,USA
COTY,Coty Inc,Consumer Defensive,Household & Personal Products,USA
COUR,Coursera Inc,Consumer Defensive,Education & Training Services,USA
CP,Canadian Pacific Kansas City Limited,Industrials,Railroads,Canada
CPB,Campbell Soup Co.,Consumer Defensive,Packaged Foods,USA
CPNG,Coupang Inc,Consumer Cyclical,Internet Retail,USA
CPRI,Capri Holdings Ltd,Consumer Cyclical,Luxury Goods,United Kingdom
CPRT,Copart,,,
CPT,Camden Property Trust,Real Estate,REIT - Residential,USA
CR,Crane Co,Industrials,Specialty Industrial Machinery,USA
CRBG,Corebridge Financial Inc.,Financial,Asset Management,USA
CRH,CRH Plc,Basic Materials,Building Materials,Ireland
CRI,Carters Inc,Consumer Cyclical,Apparel Retail,USA
CRL,Charles River Laboratories International Inc.,Healthcare,Diagnostics & Research,USA
CRM,Salesforce Inc,Technology,Software - Application,USA
CRNX,Crinetics Pharmaceuticals Inc,Healthcare,Biotechnology,USA
CROX,Crocs Inc,Consumer Cyclical,Footwear & Accessories,USA
CRS,Carpenter Technology Corp.,Industrials,Metal Fabrication,USA
CRSP,CRISPR Therapeutics AG,Healthcare,Biotechnology,Switzerland
CRUS,Cirrus Logic,,,
CRVL,Corvel Corp.,Financial,Insurance Brokers,USA
CRWD,Crowdstrike Holdings Inc,Technology,Software - Infrastructure,USA
CSCO,Cisco Systems,,,
CSGP,Costar Group,,,
CSL,Carlisle Companies Inc.,Industrials,Building Products & Equipment,USA
CSTM,Constellium SE,Basic Materials,Aluminum,France
CSWI,CSW Industrials Inc,Industrials,Specialty Industrial Machinery,USA
CSX,CSX Corp.,Industrials,Railroads,USA
CTAS,Cintas Corporation,Industrials,Specialty Business Services,USA
CTLT,Catalent Inc.,Healthcare,Drug Manufacturers - Specialty & Generic,USA
CTRE,CareTrust REIT Inc,Real Estate,REIT - Healthcare Facilities,USA
CTSH,Cognizant Technology Solutions Corp.,Technology,Information Technology Services,USA
CTVA,Corteva Inc,Basic Materials,Agricultural Inputs,USA
CUBE,CubeSmart,Real Estate,REIT - Industrial,USA
CUK,Carnival plc ADR,Consumer Cyclical,Travel Services,United Kingdom
CUZ,Cousins Properties Inc.,Real Estate,REIT - Office,USA
CVBF,CVB Financial Corp.,Financial,Banks - Regional,USA
CVCO,Cavco Industries Inc,Consumer Cyclical,Residential Construction,USA
CVLT,Commvault Systems Inc,Technology,Software - Application,USA
CVNA,Carvana Co.,Consumer Cyclical,Auto & Truck Dealerships,USA
CVS,CVS Health Corp,Healthcare,Healthcare Plans,USA
CW,Curtiss-Wright Corp.,Industrials,Aerospace & Defense,USA
CWAN,Clearwater Analytics Holdings Inc,Technology,Software - Application,USA
CWK,Cushman & Wakefield plc,Real Estate,Real Estate Services,United Kingdom
CWST,Casella Waste Systems,,,
CXM,Sprinklr Inc,Technology,Software - Application,USA
CXT,Crane NXT Co,Industrials,Specialty Industrial Machinery,USA
CYTK,Cytokinetics Inc,Healthcare,Biotechnology,USA
CZR,Caesars Entertainment Inc,Consumer Cyclical,Resorts & Casinos,USA
DAL,Delta Air Lines,,,
DAR,Darling Ingredients Inc,Consumer Defensive,Packaged Foods,USA
DASH,DoorDash Inc,Communication Services,Internet Content & Information,USA
DAVA,Endava plc ADR,Technology,Software - Infrastructure,United Kingdom
DB,Deutsche Bank AG,Financial,Banks - Regional,Germany
DBD,Diebold Nixdorf Inc,Technology,Software - Application,USA
DBRG,DigitalBridge Group Inc,Real Estate,Real Estate Services,USA
DBX,Dropbox Inc,Technology,Software - Infrastructure,USA
DCI,Donaldson Co. Inc.,Industrials,Specialty Industrial Machinery,USA
DD,DuPont de Nemours Inc,Basic Materials,Specialty Chemicals,USA
DDOG,Datadog Inc,Technology,Software - Application,USA
DDS,Dillard's Inc.,Consumer Cyclical,Department Stores,USA
DE,Deere & Co.,Industrials,Farm & Heavy Construction Machinery,USA
DECK,Deckers Outdoor Corp.,Consumer Cyclical,Footwear & Accessories,USA
DEI,Douglas Emmett Inc,Real Estate,REIT - Office,USA
DELL,Dell Technologies Inc,Technology,Computer Hardware,USA
DEO,Diageo plc ADR,Consumer Defensive,Beverages - Wineries & Distilleries,United Kingdom
DFH,Dream Finders Homes Inc,Consumer Cyclical,Residential Construction,USA
DFS,Discover Financial Services,Financial,Credit Services,USA
DG,Dollar General Corp.,Consumer Defensive,Discount Stores,USA
DGX,Quest Diagnostics,,,
DHI,D.R. Horton Inc.,Consumer Cyclical,Residential Construction,USA
DHR,Danaher Corp.,Healthcare,Diagnostics & Research,USA
DIOD,Diodes,,,
DIS,Walt Disney Co,Communication Services,Entertainment,USA
DKNG,DraftKings Inc.,Consumer Cyclical,Gambling,USA
DKS,Dicks Sporting Goods,,,
DLB,Dolby Laboratories Inc,Industrials,Specialty Business Services,USA
DLO,DLocal Limited,Technology,Software - Infrastructure,USA
DLR,Digital Realty Trust Inc,Real Estate,REIT - Specialty,USA
DLTR,Dollar Tree Inc,Consumer Defensive,Discount Stores,USA
DNA,Ginkgo Bioworks Holdings Inc,Healthcare,Biotechnology,USA
DNB,Dun & Bradstreet Holdings Inc,Financial,Financial Data & Stock Exchanges,USA
DNLI,Denali Therapeutics Inc,Healthcare,Biotechnology,USA
DNUT,Krispy Kreme Inc,Consumer Defensive,Grocery Stores,USA
DOC,Physicians Realty Trust,Real Estate,REIT - Healthcare Facilities,USA
DOCN,DigitalOcean Holdings Inc,Technology,Software - Infrastructure,USA
DOCS,Doximity Inc,Healthcare,Health Information Services,USA
DOCU,DocuSign Inc,Technology,Software - Application,USA
DOOO,BRP Inc,Consumer Cyclical,Recreational Vehicles,Canada
DORM,Dorman Products Inc,Consumer Cyclical,Auto Parts,USA
DOV,Dover Corp.,Industrials,Specialty Industrial Machinery,USA
DOW,Dow Inc,Basic Materials,Chemicals,USA
DOX,Amdocs Ltd,Technology,Software - Infrastructure,USA
DPZ,Dominos Pizza Inc,Consumer Cyclical,Restaurants,USA
DRI,Darden Restaurants,,,
DRS,Leonardo DRS Inc.,Industrials,Aerospace & Defense,USA
DRVN,Driven Brands Holdings Inc,Consumer Cyclical,Auto & Truck Dealerships,USA
DSGX,Descartes Systems Group Inc,Technology,Software - Application,Canada
DT,Dynatrace Inc,Technology,Software - Application,USA
DUOL,Duolingo Inc,Technology,Software - Application,USA
DV,DoubleVerify Holdings Inc,Technology,Software - Application,USA
DVA,DaVita Inc,Healthcare,Medical Care Facilities,USA
DXC,DXC Technology Co,Technology,Information Technology Services,USA
DXCM,Dexcom Inc,Healthcare,Medical Devices,USA
DY,Dycom Industries,,,
EA,Electronic Arts,,,
EBAY,EBay Inc.,Consumer Cyclical,Internet Retail,USA
EBC,Eastern Bankshares Inc.,Financial,Banks - Regional,USA
ECL,Ecolab,,,
EDR,Endeavor Group Holdings Inc,Communication Services,Entertainment,USA
EEFT,Euronet Worldwide Inc,Technology,Software - Infrastructure,USA
EFX,Equifax,,,
EGO,Eldorado Gold Corp.,Basic Materials,Gold,Canada
EGP,Eastgroup Properties,,,
EHC,Encompass Health Corp,Healthcare,Medical Care Facilities,USA
EL,Estee Lauder Cos.,,,
ELAN,Elanco Animal Health Inc,Healthcare,Drug Manufacturers - Specialty & Generic,USA
ELF,e.l.f. Beauty Inc,Consumer Defensive,Household & Personal Products,USA
ELS,Equity Lifestyle Properties Inc.,Real Estate,REIT - Residential,USA
ELV,Elevance Health Inc,Healthcare,Healthcare Plans,USA
EME,Emcor Group,,,
EMN,Eastman Chemical Co,Basic Materials,Specialty Chemicals,USA
EMR,Emerson Electric Co.,Industrials,Specialty Industrial Machinery,USA
ENOV,Enovis Corp,Industrials,Specialty Industrial Machinery,USA
ENPH,Enphase Energy Inc,Technology,Solar,USA
ENR,Energizer Holdings Inc,Industrials,Electrical Equipment & Parts,USA
ENS,Enersys,Industrials,Electrical Equipment & Parts,USA
ENSG,Ensign Group Inc,Healthcare,Medical Care Facilities,USA
ENTG,Entegris Inc,Technology,Semiconductor Equipment & Materials,USA
ENV,Envestnet Inc.,Technology,Software - Application,USA
EPAM,EPAM Systems Inc,Technology,Information Technology Services,USA
EPR,EPR Properties,Real Estate,REIT - Specialty,USA
EPRT,Essential Properties Realty Trust Inc,Real Estate,REIT - Diversified,USA
EQC,Equity Commonwealth,Real Estate,REIT - Office,USA
EQH,Equitable Holdings Inc,Financial,Insurance - Diversified,USA
EQIX,Equinix Inc,Real Estate,REIT - Specialty,USA
EQR,Equity Residential Properties Trust,Real Estate,REIT - Residential,USA
ERIC,Telefonaktiebolaget L M Ericsson ADR,Technology,Communication Equipment,Sweden
ERIE,Erie Indemnity Co.,Financial,Insurance Brokers,USA
ESAB,ESAB Corp,Industrials,Metal Fabrication,USA
ESE,Esco Technologies,,,
ESI,Element Solutions Inc,Basic Materials,Specialty Chemicals,USA
ESMT,Engagesmart Inc,Technology,Software - Infrastructure,USA
ESS,Essex Property Trust,,,
ESTC,Elastic N.V,Technology,Software - Application,USA
ETN,Eaton Corporation plc,Industrials,Specialty Industrial Machinery,Ireland
ETSY,Etsy Inc,Consumer Cyclical,Internet Retail,USA
EVH,Evolent Health Inc,Healthcare,Health Information Services,USA
EVO,Evotec SE ADR,Healthcare,Drug Manufacturers - Specialty & Generic,Germany
EVTC,Evertec Inc,Technology,Software - Infrastructure,USA
EW,Edwards Lifesciences Corp,Healthcare,Medical Devices,USA
EWBC,East West Bancorp,,,
EXAS,Exact Sciences Corp.,Healthcare,Diagnostics & Research,USA
EXEL,Exelixis Inc,Healthcare,Biotechnology,USA
EXLS,ExlService Holdings Inc,Technology,Information Technology Services,USA
EXP,Eagle Materials Inc.,Basic Materials,Building Materials,USA
EXPD,Expeditors International Of Washington,,,
EXPE,Expedia Group Inc,Consumer Cyclical,Travel Services,USA
EXPI,eXp World Holdings Inc,Real Estate,Real Estate Services,USA
EXPO,Exponent Inc.,Industrials,Engineering & Construction,USA
EXR,Extra Space Storage Inc.,Real Estate,REIT - Industrial,USA
EXTR,Extreme Networks Inc.,Technology,Communication Equipment,USA
F,Ford Motor Co.,Consumer Cyclical,Auto Manufacturers,USA
FA,First Advantage Corp.,Industrials,Specialty Business Services,USA
FAF,First American Financial Corp,Financial,Insurance - Specialty,USA
FAST,Fastenal Co.,Industrials,Industrial Distribution,USA
FBIN,Fortune Brands Innovations Inc,Industrials,Building Products & Equipment,USA
FBP,First Bancorp PR,Financial,Banks - Regional,USA
FCFS,FirstCash Holdings Inc,Financial,Credit Services,USA
FCN,FTI Consulting Inc.,Industrials,Consulting Services,USA
FCNCA,First Citizens Bancshares,,,
FCPT,Four Corners Property Trust Inc,Real Estate,REIT - Retail,USA
FCX,Freeport-McMoRan Inc,Basic Materials,Copper,USA
FDS,Factset Research Systems Inc.,Financial,Financial Data & Stock Exchanges,USA
FDX,Fedex Corp,Industrials,Integrated Freight & Logistics,USA
FELE,Franklin Electric Co.,,,
FERG,Ferguson Plc.,Industrials,Industrial Distribution,United Kingdom
FFBC,First Financial Bancorp,Financial,Banks - Regional,USA
FFIN,First Financial Bankshares,,,
FFIV,F5 Inc,Technology,Software - Infrastructure,USA
FG,F&G Annuities & Life Inc,Financial,Insurance - Life,USA
FHB,First Hawaiian INC,Financial,Banks - Regional,USA
FHI,Federated Hermes Inc,Financial,Asset Management,USA
FHN,First Horizon Corporation,Financial,Banks - Regional,USA
FI,Fiserv,,,
FIBK,First Interstate BancSystem Inc.,Financial,Banks - Regional,USA
FICO,Fair,,,
FIS,Fidelity National Information Services,,,
FITB,Fifth Third Bancorp,Financial,Banks - Regional,USA
FIVE,Five Below Inc,Consumer Cyclical,Specialty Retail,USA
FIVN,Five9 Inc,Technology,Software - Infrastructure,USA
FIX,Comfort Systems USA,,,
FIZZ,National Beverage Corp.,Consumer Defensive,Beverages - Non-Alcoholic,USA
FL,Foot Locker Inc,Consumer Cyclical,Apparel Retail,USA
FLEX,Flex Ltd,Technology,Electronic Components,USA
FLO,Flowers Foods,,,
FLR,Fluor Corporation,Industrials,Engineering & Construction,USA
FLS,Flowserve Corp.,Industrials,Specialty Industrial Machinery,USA
FLT,Fleetcor Technologies Inc,Technology,Software - Infrastructure,USA
FLYW,Flywire Corp,Technology,Software - Infrastructure,USA
FMC,FMC Corp.,Basic Materials,Agricultural Inputs,USA
FMS,Fresenius Medical Care AG ADR,Healthcare,Medical Care Facilities,Germany
FNB,F.N.B. Corp.,Financial,Banks - Regional,USA
FND,Floor & Decor Holdings Inc,Consumer Cyclical,Home Improvement Retail,USA
FNF,Fidelity National Financial Inc,Financial,Insurance - Specialty,USA
FNV,Franco-Nevada Corporation,Basic Materials,Gold,Canada
FOLD,Amicus Therapeutics Inc,Healthcare,Biotechnology,USA
FORM,FormFactor Inc.,Technology,Semiconductors,USA
FOUR,Shift4 Payments Inc,Technology,Software - Infrastructure,USA
FOX,Fox Corporation,Communication Services,Entertainment,USA
FOXA,Fox Corporation,Communication Services,Entertainment,USA
FOXF,Fox Factory Holding Corp,Consumer Cyclical,Auto Parts,USA
FR,First Industrial Realty Trust,,,
FRME,First Merchants Corp.,Financial,Banks - Regional,USA
FROG,JFrog Ltd,Technology,Software - Application,USA
FRPT,Freshpet Inc,Consumer Defensive,Packaged Foods,USA
FRSH,Freshworks Inc,Technology,Software - Application,USA
FRT,Federal Realty Investment Trust.,Real Estate,REIT - Retail,USA
FSK,FS KKR Capital Corp.,Financial,Asset Management,USA
FSLR,First Solar Inc,Technology,Solar,USA
FSLY,Fastly Inc,Technology,Software - Application,USA
FSS,Federal Signal Corp.,Industrials,Pollution & Treatment Controls,USA
FSV,FirstService Corp,Real Estate,Real Estate Services,Canada
FTAI,FTAI Aviation Ltd,Industrials,Rental & Leasing Services,USA
FTDR,Frontdoor Inc.,Consumer Cyclical,Personal Services,USA
FTNT,Fortinet Inc,Technology,Software - Infrastructure,USA
FTRE,Fortrea Holdings Inc,Healthcare,Biotechnology,USA
FTV,Fortive Corp,Technology,Scientific & Technical Instruments,USA
FUL,H.B. Fuller Company,Basic Materials,Specialty Chemicals,USA
FULT,Fulton Financial Corp.,Financial,Banks - Regional,USA
FWONA,Liberty Media Corp.,Communication Services,Entertainment,USA
FWONK,Liberty Media Corp.,Communication Services,Entertainment,USA
FYBR,Frontier Communications Parent Inc,Communication Services,Telecom Services,USA
GATX,GATX Corp.,Industrials,Rental & Leasing Services,USA
GBCI,Glacier Bancorp,,,
GBDC,Golub Capital BDC,,,
GBTG,Global Business Travel Group Inc,Technology,Software - Application,USA
GD,General Dynamics Corp.,Industrials,Aerospace & Defense,USA
GDDY,Godaddy Inc,Technology,Software - Infrastructure,USA
GDRX,GoodRx Holdings Inc,Healthcare,Health Information Services,USA
GE,General Electric Co.,Industrials,Specialty Industrial Machinery,USA
GEF,Greif Inc,Consumer Cyclical,Packaging & Containers,USA
GEF-B,Greif Inc,Consumer Cyclical,Packaging & Containers,USA
GEHC,GE HealthCare Technologies Inc,Healthcare,Health Information Services,USA
GEN,Gen Digital Inc,Technology,Software - Infrastructure,USA
GETY,Getty Images Holdings Inc,Communication Services,Internet Content & Information,USA
GFF,Griffon Corp.,Industrials,Conglomerates,USA
GFL,GFL Environmental Inc.,Industrials,Waste Management,Canada
GFS,GlobalFoundries Inc,Technology,Semiconductors,USA
GGG,Graco Inc.,Industrials,Specialty Industrial Machinery,USA
GH,Guardant Health Inc,Healthcare,Diagnostics & Research,USA
GHC,Graham Holdings Co.,Consumer Defensive,Education & Training Services,USA
GIB,CGI Inc,Technology,Information Technology Services,Canada
GIL,Gildan Activewear Inc,Consumer Cyclical,Apparel Manufacturing,Canada
GILD,Gilead Sciences,,,
GIS,General Mills,,,
GKOS,Glaukos Corporation,Healthcare,Medical Devices,USA
GL,Globe Life Inc,Financial,Insurance - Life,USA
GLOB,Globant S.A.,Technology,Information Technology Services,Luxembourg
GLPG,Galapagos NV ADR,Healthcare,Biotechnology,Belgium
GLPI,Gaming and Leisure Properties Inc,Real Estate,REIT - Specialty,USA
GLW,Corning,,,
GM,General Motors Company,Consumer Cyclical,Auto Manufacturers,USA
GMAB,Genmab ADR,Healthcare,Biotechnology,Denmark
GME,Gamestop Corporation,Consumer Cyclical,Specialty Retail,USA
GMED,Globus Medical Inc,Healthcare,Medical Devices,USA
GMS,GMS Inc,Industrials,Building Products & Equipment,USA
GNL,Global Net Lease Inc,Real Estate,REIT - Diversified,USA
GNRC,Generac Holdings Inc,Industrials,Specialty Industrial Machinery,USA
GNTX,Gentex Corp.,Consumer Cyclical,Auto Parts,USA
GNW,Genworth Financial Inc,Financial,Insurance - Life,USA
GO,Grocery Outlet Holding Corp,Consumer Defensive,Grocery Stores,USA
GOLD,Barrick Gold Corp.,Basic Materials,Gold,Canada
GOLF,Acushnet Holdings Corp,Consumer Cyclical,Leisure,USA
GOOG,Alphabet Inc,Communication Services,Internet Content & Information,USA
GOOGL,Alphabet Inc,Communication Services,Internet Content & Information,USA
GPC,Genuine Parts Co.,Consumer Cyclical,Specialty Retail,USA
GPI,Group 1 Automotive,,,
GPK,Graphic Packaging Holding Co,Consumer Cyclical,Packaging & Containers,USA
GPN,Global Payments,,,
GPS,Gap,,,
GRBK,Green Brick Partners Inc,Consumer Cyclical,Residential Construction,USA
GRFS,Grifols SA ADR,Healthcare,Drug Manufacturers - General,Spain
GRMN,Garmin Ltd,Technology,Scientific & Technical Instruments,Switzerland
GSAT,Globalstar Inc.,Communication Services,Telecom Services,USA
GSK,GSK Plc ADR,Healthcare,Drug Manufacturers - General,United Kingdom
GT,Goodyear Tire & Rubber Co.,Consumer Cyclical,Auto Parts,USA
GTES,Gates Industrial Corporation plc,Industrials,Specialty Industrial Machinery,USA
GTLB,Gitlab Inc,Technology,Software - Application,USA
GTLS,Chart Industries Inc,Industrials,Specialty Industrial Machinery,USA
GTX,Garrett Motion Inc,Consumer Cyclical,Auto Parts,Switzerland
GVA,Granite Construction Inc.,Industrials,Engineering & Construction,USA
GWRE,Guidewire Software Inc,Technology,Software - Application,USA
GWW,W.W. Grainger Inc.,Industrials,Industrial Distribution,USA
GXO,GXO Logistics Inc,Industrials,Integrated Freight & Logistics,USA
H,Hyatt Hotels Corporation,Consumer Cyclical,Lodging,USA
HAE,Haemonetics Corp.,Healthcare,Medical Instruments & Supplies,USA
HALO,Halozyme Therapeutics Inc.,Healthcare,Biotechnology,USA
HAS,Hasbro,,,
HASI,Hannon Armstrong Sustainable Infrastructure capital Inc,Real Estate,REIT - Specialty,USA
HAYW,Hayward Holdings Inc,Industrials,Electrical Equipment & Parts,USA
HBAN,Huntington Bancshares,,,
HCA,HCA Healthcare Inc,Healthcare,Medical Care Facilities,USA
HCC,Warrior Met Coal Inc,Basic Materials,Coking Coal,USA
HCP,HashiCorp Inc,Technology,Software - Infrastructure,USA
HD,Home Depot,,,
HEI,Heico Corp.,Industrials,Aerospace & Defense,USA
HEI-A,Heico Corp.,Industrials,Aerospace & Defense,USA
HGV,Hilton Grand Vacations Inc,Consumer Cyclical,Resorts & Casinos,USA
HHH,Howard Hughes Holdings Inc,Real Estate,Real Estate - Diversified,USA
HI,Hillenbrand Inc,Industrials,Specialty Industrial Machinery,USA
HIG,Hartford Financial Services Group Inc.,Financial,Insurance - Property & Casualty,USA
HII,Huntington Ingalls Industries Inc,Industrials,Aerospace & Defense,USA
HIW,Highwoods Properties,,,
HL,Hecla Mining Co.,Basic Materials,Other Precious Metals & Mining,USA
HLN,Haleon plc ADR,Healthcare,Drug Manufacturers - Specialty & Generic,United Kingdom
HLNE,Hamilton Lane Inc,Financial,Asset Management,USA
HLT,Hilton Worldwide Holdings Inc,Consumer Cyclical,Lodging,USA
HOG,Harley-Davidson,,,
HOLX,Hologic,,,
HOMB,Home Bancshares Inc,Financial,Banks - Regional,USA
HON,Honeywell International Inc,Industrials,Conglomerates,USA
HPE,Hewlett Packard Enterprise Co,Technology,Communication Equipment,USA
HPQ,HP Inc,Technology,Computer Hardware,USA
HQY,Healthequity Inc,Healthcare,Health Information Services,USA
HR,Healthcare Realty Trust Inc,Real Estate,REIT - Healthcare Facilities,USA
HRB,H&R Block Inc.,Consumer Cyclical,Personal Services,USA
HRI,Herc Holdings Inc,Industrials,Rental & Leasing Services,USA
HRL,Hormel Foods Corp.,Consumer Defensive,Packaged Foods,USA
HSBC,HSBC Holdings plc ADR,Financial,Banks - Diversified,United Kingdom
HSIC,Henry Schein Inc.,Healthcare,Medical Distribution,USA
HST,Host Hotels & Resorts Inc,Real Estate,REIT - Hotel & Motel,USA
HSY,Hershey Company,Consumer Defensive,Confectioners,USA
HTGC,Hercules Capital Inc,Financial,Asset Management,USA
HTH,Hilltop Holdings Inc,Financial,Banks - Regional,USA
HUBB,Hubbell Inc.,Industrials,Electrical Equipment & Parts,USA
HUBG,Hub Group,,,
HUBS,HubSpot Inc,Technology,Software - Application,USA
HUM,Humana Inc.,Healthcare,Healthcare Plans,USA
HUN,Huntsman Corp,Basic Materials,Chemicals,USA
HWC,Hancock Whitney Corp.,Financial,Banks - Regional,USA
HWM,Howmet Aerospace Inc,Industrials,Aerospace & Defense,USA
HXL,Hexcel Corp.,Industrials,Aerospace & Defense,USA
IAC,IAC Inc,Communication Services,Internet Content & Information,USA
IART,Integra Lifesciences Holdings Corp,Healthcare,Medical Devices,USA
IAS,Integral Ad Science Holding Corp,Communication Services,Advertising Agencies,USA
IBM,International Business Machines Corp.,Technology,Information Technology Services,USA
IBOC,International Bancshares Corp.,Financial,Banks - Regional,USA
IBP,Installed Building Products Inc,Consumer Cyclical,Residential Construction,USA
IBRX,ImmunityBio Inc,Healthcare,Biotechnology,USA
IBTX,Independent Bank Group Inc,Financial,Banks - Regional,USA
ICE,Intercontinental Exchange Inc,Financial,Financial Data & Stock Exchanges,USA
ICFI,ICF International,,,
ICLR,Icon Plc,Healthcare,Diagnostics & Research,Ireland
ICUI,ICU Medical,,,
IDCC,Interdigital Inc,Technology,Software - Application,USA
IDXX,Idexx Laboratories,,,
IDYA,Ideaya Biosciences Inc,Healthcare,Biotechnology,USA
IEX,Idex Corporation,Industrials,Specialty Industrial Machinery,USA
IFF,International Flavors & Fragrances Inc.,Basic Materials,Specialty Chemicals,USA
IGT,International Game Technology PLC,Consumer Cyclical,Gambling,United Kingdom
IHG,Intercontinental Hotels Group ADR,Consumer Cyclical,Lodging,United Kingdom
IIPR,Innovative Industrial Properties Inc,Real Estate,REIT - Industrial,USA
ILMN,Illumina Inc,Healthcare,Diagnostics & Research,USA
IMCR,Immunocore Holdings plc ADR,Healthcare,Biotechnology,United Kingdom
IMGN,Immunogen,,,
IMVT,Immunovant Inc,Healthcare,Biotechnology,USA
INCY,Incyte Corp.,Healthcare,Biotechnology,USA
INDB,Independent Bank Corp.,Financial,Banks - Regional,USA
INDV,Indivior Plc,Healthcare,Drug Manufacturers - Specialty & Generic,USA
INFA,Informatica Inc,Technology,Software - Infrastructure,USA
ING,ING Groep N.V. ADR,Financial,Banks - Diversified,Netherlands
INGR,Ingredion Inc,Consumer Defensive,Packaged Foods,USA
INSM,Insmed Inc,Healthcare,Biotechnology,USA
INSP,Inspire Medical Systems Inc,Healthcare,Medical Devices,USA
INST,Instructure Holdings Inc,Technology,Software - Application,USA
INTA,Intapp Inc,Technology,Software - Application,USA
INTC,Intel Corp.,Technology,Semiconductors,USA
INTU,Intuit Inc,Technology,Software - Application,USA
INVH,Invitation Homes Inc,Real Estate,REIT - Residential,USA
IONQ,IonQ Inc,Technology,Computer Hardware,USA
IONS,Ionis Pharmaceuticals Inc,Healthcare,Biotechnology,USA
IOSP,Innospec Inc,Basic Materials,Specialty Chemicals,USA
IOT,Samsara Inc,Technology,Software - Infrastructure,USA
IOVA,Iovance Biotherapeutics Inc,Healthcare,Biotechnology,USA
IP,International Paper Co.,Consumer Cyclical,Packaging & Containers,USA
IPAR,Inter Parfums,,,
IPG,Interpublic Group Of Cos.,,,
IPGP,IPG Photonics Corp,Technology,Semiconductor Equipment & Materials,USA
IQV,IQVIA Holdings Inc,Healthcare,Diagnostics & Research,USA
IR,Ingersoll-Rand Inc,Industrials,Specialty Industrial Machinery,USA
IRDM,Iridium Communications Inc,Communication Services,Telecom Services,USA
IRM,Iron Mountain Inc.,Real Estate,REIT - Specialty,USA
IRT,Independence Realty Trust Inc,Real Estate,REIT - Residential,USA
IRTC,iRhythm Technologies Inc,Healthcare,Medical Devices,USA
ISRG,Intuitive Surgical Inc,Healthcare,Medical Instruments & Supplies,USA
IT,Gartner,,,
ITCI,Intra-Cellular Therapies Inc,Healthcare,Drug Manufacturers - Specialty & Generic,USA
ITGR,Integer Holdings Corp,Healthcare,Medical Devices,USA
ITRI,Itron Inc.,Technology,Scientific & Technical Instruments,USA
ITT,ITT Inc,Industrials,Specialty Industrial Machinery,USA
ITW,Illinois Tool Works,,,
IVZ,Invesco Ltd,Financial,Asset Management,USA
J,Jacobs Solutions Inc,Industrials,Engineering & Construction,USA
JAMF,Jamf Holding Corp,Technology,Software - Application,USA
JAZZ,Jazz Pharmaceuticals plc,Healthcare,Biotechnology,Ireland
JBHT,J.B. Hunt Transport Services,,,
JBI,Janus International Group Inc,Industrials,Building Products & Equipment,USA
JBL,Jabil Inc,Technology,Electronic Components,USA
JBT,John Bean Technologies Corp,Industrials,Specialty Industrial Machinery,USA
JCI,Johnson Controls International plc,Industrials,Building Products & Equipment,Ireland
JHG,Janus Henderson Group plc,Financial,Asset Management,United Kingdom
JHX,James Hardie Industries plc ADR,Basic Materials,Building Materials,Ireland
JJSF,J&J Snack Foods Corp.,Consumer Defensive,Packaged Foods,USA
JKHY,Jack Henry & Associates,,,
JLL,Jones Lang Lasalle Inc.,Real Estate,Real Estate Services,USA
JNJ,Johnson & Johnson,Healthcare,Drug Manufacturers - General,USA
JNPR,Juniper Networks Inc,Technology,Communication Equipment,USA
JOBY,Joby Aviation Inc,Industrials,Airports & Air Services,USA
JOE,St. Joe Co.,Real Estate,Real Estate - Diversified,USA
JPM,JPMorgan Chase & Co.,Financial,Banks - Diversified,USA
JWN,Nordstrom,,,
JXN,Jackson Financial Inc,Financial,Insurance - Life,USA
K,Kellanova Co,Consumer Defensive,Packaged Foods,USA
KAI,Kadant,,,
KBH,KB Home,Consumer Cyclical,Residential Construction,USA
KBR,KBR Inc,Industrials,Engineering & Construction,USA
KD,Kyndryl Holdings Inc,Technology,Information Technology Services,USA
KDP,Keurig Dr Pepper Inc,Consumer Defensive,Beverages - Non-Alcoholic,USA
KEX,Kirby Corp.,Industrials,Marine Shipping,USA
KEY,Keycorp,Financial,Banks - Regional,USA
KEYS,Keysight Technologies Inc,Technology,Scientific & Technical Instruments,USA
KFY,Korn Ferry,Industrials,Staffing & Employment Services,USA
KGC,Kinross Gold Corp.,Basic Materials,Gold,Canada
KHC,Kraft Heinz Co,Consumer Defensive,Packaged Foods,USA
KIM,Kimco Realty Corporation,Real Estate,REIT - Retail,USA
KKR,KKR & Co. Inc,Financial,Asset Management,USA
KLAC,KLA Corp.,Technology,Semiconductor Equipment & Materials,USA
KLIC,Kulicke & Soffa Industries,,,
KMB,Kimberly-Clark Corp.,Consumer Defensive,Household & Personal Products,USA
KMPR,Kemper Corporation,Financial,Insurance - Property & Casualty,USA
KMX,Carmax Inc,Consumer Cyclical,Auto & Truck Dealerships,USA
KNF,Knife River Corp,Basic Materials,Building Materials,USA
KNSL,Kinsale Capital Group Inc,Financial,Insurance - Property & Casualty,USA
KNX,Knight-Swift Transportation Holdings Inc,Industrials,Trucking,USA
KO,Coca-Cola Co,Consumer Defensive,Beverages - Non-Alcoholic,USA
KR,Kroger Co.,Consumer Defensive,Grocery Stores,USA
KRC,Kilroy Realty Corp.,Real Estate,REIT - Office,USA
KRG,Kite Realty Group Trust,Real Estate,REIT - Retail,USA
KRTX,Karuna Therapeutics Inc,Healthcare,Biotechnology,USA
KRYS,Krystal Biotech Inc,Healthcare,Biotechnology,USA
KSS,Kohl's Corp.,Consumer Cyclical,Department Stores,USA
KTB,Kontoor Brands Inc,Consumer Cyclical,Apparel Manufacturing,USA
KTOS,Kratos Defense & Security Solutions Inc,Industrials,Aerospace & Defense,USA
KVUE,Kenvue Inc,Consumer Defensive,Household & Personal Products,USA
KVYO,Klaviyo Inc,Technology,Software - Infrastructure,USA
KWR,Quaker Houghton,Basic Materials,Specialty Chemicals,USA
L,Loews Corp.,Financial,Insurance - Property & Casualty,USA
LAD,Lithia Motors,,,
LAMR,Lamar Advertising Co,Real Estate,REIT - Specialty,USA
LANC,Lancaster Colony Corp.,Consumer Defensive,Packaged Foods,USA
LBRDA,Liberty Broadband Corp,Communication Services,Telecom Services,USA
LBRDK,Liberty Broadband Corp,Communication Services,Telecom Services,USA
LCID,Lucid Group Inc,Consumer Cyclical,Auto Manufacturers,USA
LCII,LCI Industries,Consumer Cyclical,Recreational Vehicles,USA
LDOS,Leidos Holdings Inc,Technology,Information Technology Services,USA
LEA,Lear Corp.,Consumer Cyclical,Auto Parts,USA
LECO,Lincoln Electric Holdings,,,
LEG,Leggett & Platt,,,
LEGN,Legend Biotech Corp ADR,Healthcare,Biotechnology,USA
LEN,Lennar Corp.,Consumer Cyclical,Residential Construction,USA
LEN-B,Lennar Corp.,Consumer Cyclical,Residential Construction,USA
LEVI,Levi Strauss & Co.,Consumer Cyclical,Apparel Manufacturing,USA
LFST,LifeStance Health Group Inc,Healthcare,Medical Care Facilities,USA
LFUS,Littelfuse,,,
LGF-A,Lions Gate Entertainment Corp.,Communication Services,Entertainment,USA
LGF-B,Lions Gate Entertainment Corp.,Communication Services,Entertainment,USA
LGIH,LGI Homes Inc,Consumer Cyclical,Residential Construction,USA
LH,Laboratory Corp. Of America Holdings,Healthcare,Diagnostics & Research,USA
LHX,L3Harris Technologies Inc,Industrials,Aerospace & Defense,USA
LII,Lennox International Inc,Industrials,Building Products & Equipment,USA
LIN,Linde Plc.,Basic Materials,Specialty Chemicals,United Kingdom
LITE,Lumentum Holdings Inc,Technology,Communication Equipment,USA
LIVN,LivaNova PLC,Healthcare,Medical Devices,United Kingdom
LKQ,LKQ Corp,Consumer Cyclical,Auto Parts,USA
LLY,Lilly(Eli) & Co,Healthcare,Drug Manufacturers - General,USA
LLYVA,Liberty Media Corp.,Communication Services,Entertainment,USA
LLYVK,Liberty Media Corp.,Communication Services,Entertainment,USA
LMT,Lockheed Martin Corp.,Industrials,Aerospace & Defense,USA
LNC,Lincoln National Corp.,Financial,Insurance - Life,USA
LNTH,Lantheus Holdings Inc,Healthcare,Drug Manufacturers - Specialty & Generic,USA
LNW,Light & Wonder Inc,Consumer Cyclical,Gambling,USA
LOGI,Logitech International S.A.,Technology,Computer Hardware,Switzerland
LOPE,Grand Canyon Education Inc,Consumer Defensive,Education & Training Services,USA
LOW,Lowe's Cos.,,,
LPX,Louisiana-Pacific Corp.,Industrials,Building Products & Equipment,USA
LRCX,Lam Research Corp.,Technology,Semiconductor Equipment & Materials,USA
LRN,Stride Inc,Consumer Defensive,Education & Training Services,USA
LSCC,Lattice Semiconductor Corp.,Technology,Semiconductors,USA
LSPD,Lightspeed Commerce Inc,Technology,Software - Application,Canada
LSTR,Landstar System,,,
LSXMA,Liberty Media Corp.,Communication Services,Entertainment,USA
LSXMK,Liberty Media Corp.,Communication Services,Entertainment,USA
LTH,Life Time Group Holdings Inc,Consumer Cyclical,Leisure,USA
LULU,Lululemon Athletica inc.,Consumer Cyclical,Apparel Retail,Canada
LUV,Southwest Airlines Co,Industrials,Airlines,USA
LVS,Las Vegas Sands Corp,Consumer Cyclical,Resorts & Casinos,USA
LVWR,LiveWire Group Inc,Consumer Cyclical,Auto Manufacturers,USA
LW,Lamb Weston Holdings Inc,Consumer Defensive,Packaged Foods,USA
LXP,LXP Industrial Trust,Real Estate,REIT - Industrial,USA
LYB,LyondellBasell Industries NV,Basic Materials,Specialty Chemicals,United Kingdom
LYFT,Lyft Inc,Technology,Software - Application,USA
LYG,Lloyds Banking Group plc ADR,Financial,Banks - Regional,United Kingdom
LYV,Live Nation Entertainment Inc,Communication Services,Entertainment,USA
LZ,LegalZoom.com Inc.,Industrials,Specialty Business Services,USA
M,Macy's Inc,Consumer Cyclical,Department Stores,USA
MA,Mastercard Incorporated,Financial,Credit Services,USA
MAA,Mid-America Apartment Communities,,,
MAC,Macerich Co.,Real Estate,REIT - Retail,USA
MAIN,Main Street Capital Corporation,Financial,Asset Management,USA
MAN,ManpowerGroup,Industrials,Staffing & Employment Services,USA
MANH,Manhattan Associates,,,
MANU,Manchester United Plc.,Communication Services,Entertainment,United Kingdom
MAR,Marriott International,,,
MAS,Masco Corp.,Industrials,Building Products & Equipment,USA
MASI,Masimo Corp,Healthcare,Medical Devices,USA
MAT,Mattel,,,
MATX,Matson Inc,Industrials,Marine Shipping,USA
MCD,McDonald's Corp,Consumer Cyclical,Restaurants,USA
MCHP,Microchip Technology,,,
MCK,Mckesson Corporation,Healthcare,Medical Distribution,USA
MCO,Moody's Corp.,Financial,Financial Data & Stock Exchanges,USA
MCW,Mister Car Wash Inc,Consumer Cyclical,Personal Services,USA
MCY,Mercury General Corp.,Financial,Insurance - Property & Casualty,USA
MDB,MongoDB Inc,Technology,Software - Infrastructure,USA
MDC,M.D.C. Holdings,,,
MDGL,Madrigal Pharmaceuticals Inc,Healthcare,Biotechnology,USA
MDLZ,Mondelez International Inc.,Consumer Defensive,Confectioners,USA
MDT,Medtronic Plc,Healthcare,Medical Devices,Ireland
MDU,MDU Resources Group Inc,Industrials,Conglomerates,USA
MEDP,Medpace Holdings Inc,Healthcare,Diagnostics & Research,USA
MELI,MercadoLibre Inc,Consumer Cyclical,Internet Retail,USA
MEOH,Methanex Corp.,Basic Materials,Chemicals,Canada
MET,Metlife Inc,Financial,Insurance - Life,USA
META,Meta Platforms Inc,Communication Services,Internet Content & Information,USA
MFC,Manulife Financial Corp.,Financial,Insurance - Life,Canada
MGA,Magna International Inc.,Consumer Cyclical,Auto Parts,Canada
MGM,MGM Resorts International,Consumer Cyclical,Resorts & Casinos,USA
MGPI,MGP Ingredients,,,
MGRC,McGrath Rentcorp,Industrials,Rental & Leasing Services,USA
MHK,Mohawk Industries,,,
MHO,MI Homes Inc.,Consumer Cyclical,Residential Construction,USA
MIDD,Middleby Corp.,Industrials,Specialty Industrial Machinery,USA
MIR,Mirion Technologies Inc.,Industrials,Specialty Industrial Machinery,USA
MKC,McCormick & Co.,,,
MKL,Markel Group Inc,Financial,Insurance - Property & Casualty,USA
MKSI,MKS Instruments,,,
MLI,Mueller Industries,,,
MLM,Martin Marietta Materials,,,
MLTX,MoonLake Immunotherapeutics,Healthcare,Biotechnology,Switzerland
MMC,Marsh & McLennan Cos.,,,
MMM,3M Co.,Industrials,Conglomerates,USA
MMS,Maximus Inc.,Industrials,Specialty Business Services,USA
MMSI,Merit Medical Systems,,,
MNST,Monster Beverage Corp.,Consumer Defensive,Beverages - Non-Alcoholic,USA
MO,Altria Group Inc.,Consumer Defensive,Tobacco,USA
MOD,Modine Manufacturing Co.,Consumer Cyclical,Auto Parts,USA
MODG,Topgolf Callaway Brands Corp,Consumer Cyclical,Leisure,USA
MOG-A,Moog,,,
MOH,Molina Healthcare Inc,Healthcare,Healthcare Plans,USA
MORN,Morningstar Inc,Financial,Financial Data & Stock Exchanges,USA
MOS,Mosaic Company,Basic Materials,Agricultural Inputs,USA
MP,MP Materials Corporation,Basic Materials,Other Industrial Metals & Mining,USA
MPW,Medical Properties Trust Inc,Real Estate,REIT - Healthcare Facilities,USA
MPWR,Monolithic Power System Inc,Technology,Semiconductors,USA
MQ,Marqeta Inc,Technology,Software - Infrastructure,USA
MRK,Merck & Co Inc,Healthcare,Drug Manufacturers - General,USA
MRNA,Moderna Inc,Healthcare,Biotechnology,USA
MRTX,Mirati Therapeutics Inc,Healthcare,Biotechnology,USA
MRVL,Marvell Technology Inc,Technology,Semiconductors,USA
MSA,MSA Safety Inc,Industrials,Security & Protection Services,USA
MSCI,MSCI Inc,Financial,Financial Data & Stock Exchanges,USA
MSFT,Microsoft Corporation,Technology,Software - Infrastructure,USA
MSGS,Madison Square Garden Sports Corp,Communication Services,Entertainment,USA
MSI,Motorola Solutions Inc,Technology,Communication Equipment,USA
MSM,MSC Industrial Direct Co.,,,
MSTR,Microstrategy Inc.,Technology,Software - Application,USA
MT,ArcelorMittal,Basic Materials,Steel,Luxembourg
MTB,M & T Bank Corp,Financial,Banks - Regional,USA
MTCH,Match Group Inc.,Communication Services,Internet Content & Information,USA
MTD,Mettler-Toledo International,,,
MTG,MGIC Investment Corp,Financial,Insurance - Specialty,USA
MTH,Meritage Homes Corp.,Consumer Cyclical,Residential Construction,USA
MTN,Vail Resorts Inc.,Consumer Cyclical,Resorts & Casinos,USA
MTRN,Materion Corp,Basic Materials,Other Industrial Metals & Mining,USA
MTSI,MACOM Technology Solutions Holdings Inc,Technology,Semiconductors,USA
MTX,Minerals Technologies,,,
MTZ,Mastec Inc.,Industrials,Engineering & Construction,USA
MU,Micron Technology Inc.,Technology,Semiconductors,USA
MUSA,Murphy USA Inc,Consumer Cyclical,Specialty Retail,USA
MWA,Mueller Water Products Inc,Industrials,Specialty Industrial Machinery,USA
MYRG,MYR Group Inc,Industrials,Engineering & Construction,USA
NABL,N-able Inc,Technology,Information Technology Services,USA
NARI,Inari Medical Inc,Healthcare,Medical Devices,USA
NAVI,Navient Corp,Financial,Credit Services,USA
NBIX,Neurocrine Biosciences,,,
NCLH,Norwegian Cruise Line Holdings Ltd,Consumer Cyclical,Travel Services,USA
NCNO,Ncino Inc.,Technology,Software - Application,USA
NDAQ,Nasdaq Inc,Financial,Financial Data & Stock Exchanges,USA
NDSN,Nordson Corp.,Industrials,Specialty Industrial Machinery,USA
NEM,Newmont Corp,Basic Materials,Gold,USA
NEO,Neogenomics Inc.,Healthcare,Diagnostics & Research,USA
NEOG,Neogen Corp.,Healthcare,Diagnostics & Research,USA
NET,Cloudflare Inc,Technology,Software - Infrastructure,USA
NEU,NewMarket Corp.,Basic Materials,Specialty Chemicals,USA
NFLX,Netflix Inc.,Communication Services,Entertainment,USA
NHI,National Health Investors,,,
NKE,Nike,,,
NLY,Annaly Capital Management Inc,Real Estate,REIT - Mortgage,USA
NMIH,NMI Holdings Inc,Financial,Insurance - Specialty,USA
NMRA,Neumora Therapeutics Inc.,Healthcare,Biotechnology,USA
NNI,Nelnet Inc,Financial,Credit Services,USA
NNN,NNN REIT Inc,Real Estate,REIT - Retail,USA
NOC,Northrop Grumman Corp.,Industrials,Aerospace & Defense,USA
NOK,Nokia Corp ADR,Technology,Communication Equipment,Finland
NOMD,Nomad Foods Limited,Consumer Defensive,Packaged Foods,United Kingdom
NOVT,Novanta Inc,Technology,Scientific & Technical Instruments,USA
NOW,ServiceNow Inc,Technology,Software - Application,USA
NPO,Enpro Inc,Industrials,Specialty Industrial Machinery,USA
NSA,National Storage Affiliates Trust,Real Estate,REIT - Industrial,USA
NSC,Norfolk Southern Corp.,Industrials,Railroads,USA
NSIT,Insight Enterprises Inc.,Technology,Electronics & Computer Distribution,USA
NSP,Insperity Inc,Industrials,Staffing & Employment Services,USA
NTAP,Netapp Inc,Technology,Computer Hardware,USA
NTLA,Intellia Therapeutics Inc,Healthcare,Biotechnology,USA
NTNX,Nutanix Inc,Technology,Software - Infrastructure,USA
NTR,Nutrien Ltd,Basic Materials,Agricultural Inputs,Canada
NTRA,Natera Inc,Healthcare,Diagnostics & Research,USA
NTRS,Northern Trust Corp.,Financial,Asset Management,USA
NTRSO,Northern Trust Corporation,Financial,Asset Management,USA
NUE,Nucor Corp.,Basic Materials,Steel,USA
NUVL,Nuvalent Inc,Healthcare,Biotechnology,USA
NVDA,NVIDIA Corp,Technology,Semiconductors,USA
NVEI,Nuvei Corporation,Technology,Software - Infrastructure,Canada
NVO,Novo Nordisk ADR,Healthcare,Biotechnology,Denmark
NVR,NVR Inc.,Consumer Cyclical,Residential Construction,USA
NVS,Novartis AG ADR,Healthcare,Drug Manufacturers - General,Switzerland
NVST,Envista Holdings Corp,Healthcare,Medical Instruments & Supplies,USA
NVT,nVent Electric plc,Industrials,Electrical Equipment & Parts,United Kingdom
NWG,NatWest Group Plc ADR,Financial,Banks - Regional,United Kingdom
NWL,Newell Brands Inc,Consumer Defensive,Household & Personal Products,USA
NWS,News Corp,Communication Services,Entertainment,USA
NWSA,News Corp,Communication Services,Entertainment,USA
NXPI,NXP Semiconductors NV,Technology,Semiconductors,Netherlands
NXST,Nexstar Media Group Inc,Communication Services,Entertainment,USA
NXT,Nextracker Inc,Technology,Solar,USA
NYCB,New York Community Bancorp Inc.,Financial,Banks - Regional,USA
NYT,New York Times Co.,Communication Services,Publishing,USA
O,Realty Income Corp.,Real Estate,REIT - Retail,USA
OBDC,Blue Owl Capital Corp,Financial,Credit Services,USA
OC,Owens Corning,Industrials,Building Products & Equipment,USA
ODFL,Old Dominion Freight Line,,,
OGN,Organon & Co.,Healthcare,Drug Manufacturers - General,USA
OHI,Omega Healthcare Investors,,,
OI,O-I Glass Inc,Consumer Cyclical,Packaging & Containers,USA
OKTA,Okta Inc,Technology,Software - Infrastructure,USA
OLED,Universal Display Corp.,Technology,Electronic Components,USA
OLK,Olink Holding AB (publ) ADR,Healthcare,Diagnostics & Research,Sweden
OLLI,Ollies Bargain Outlet Holdings Inc,Consumer Defensive,Discount Stores,USA
OLN,Olin Corp.,Basic Materials,Specialty Chemicals,USA
OMC,Omnicom Group,,,
OMF,OneMain Holdings Inc,Financial,Credit Services,USA
ON,ON Semiconductor Corp.,Technology,Semiconductors,USA
ONB,Old National Bancorp,Financial,Banks - Regional,USA
ONON,On Holding AG,Consumer Cyclical,Footwear & Accessories,Switzerland
ONTO,Onto Innovation Inc.,Technology,Semiconductor Equipment & Materials,USA
OPCH,Option Care Health Inc.,Healthcare,Medical Care Facilities,USA
OPEN,Opendoor Technologies Inc,Real Estate,Real Estate Services,USA
OR,Osisko Gold Royalties Ltd,Basic Materials,Gold,Canada
ORAN,Orange. ADR,Communication Services,Telecom Services,France
ORCL,Oracle Corp.,Technology,Software - Infrastructure,USA
ORI,Old Republic International Corp.,Financial,Insurance - Diversified,USA
ORLY,O'Reilly Automotive,,,
OSCR,Oscar Health Inc,Healthcare,Healthcare Plans,USA
OSIS,OSI Systems,,,
OSK,Oshkosh Corp,Industrials,Farm & Heavy Construction Machinery,USA
OTEX,Open Text Corp,Technology,Software - Application,Canada
OTIS,Otis Worldwide Corp,Industrials,Specialty Industrial Machinery,USA
OUT,Outfront Media Inc,Real Estate,REIT - Specialty,USA
OWL,Blue Owl Capital Inc,Financial,Asset Management,USA
OZK,Bank OZK,Financial,Banks - Regional,USA
PAAS,Pan American Silver Corp,Basic Materials,Gold,Canada
PACB,Pacific Biosciences of California Inc,Healthcare,Medical Devices,USA
PAG,Penske Automotive Group Inc,Consumer Cyclical,Auto & Truck Dealerships,USA
PANW,Palo Alto Networks Inc,Technology,Software - Infrastructure,USA
PARA,Paramount Global,Communication Services,Entertainment,USA
PATH,UiPath Inc,Technology,Software - Infrastructure,USA
PATK,Patrick Industries,,,
PAY,Paymentus Holdings Inc,Technology,Software - Infrastructure,USA
PAYC,Paycom Software Inc,Technology,Software - Application,USA
PAYX,Paychex Inc.,Industrials,Staffing & Employment Services,USA
PB,Prosperity Bancshares Inc.,Financial,Banks - Regional,USA
PBH,Prestige Consumer Healthcare Inc,Healthcare,Drug Manufacturers - Specialty & Generic,USA
PCAR,Paccar Inc.,Industrials,Farm & Heavy Construction Machinery,USA
PCH,PotlatchDeltic Corp,Real Estate,REIT - Specialty,USA
PCOR,Procore Technologies Inc,Technology,Software - Application,USA
PCTY,Paylocity Holding Corp,Technology,Software - Application,USA
PCVX,Vaxcyte Inc,Healthcare,Biotechnology,USA
PD,Pagerduty Inc,Technology,Software - Application,USA
PDCO,Patterson Companies Inc.,Healthcare,Medical Distribution,USA
PEAK,Healthpeak Properties Inc.,Real Estate,REIT - Healthcare Facilities,USA
PECO,Phillips Edison & Company Inc,Real Estate,REIT - Retail,USA
PEGA,Pegasystems Inc.,Technology,Software - Application,USA
PEN,Penumbra Inc,Healthcare,Medical Devices,USA
PENN,PENN Entertainment Inc,Consumer Cyclical,Resorts & Casinos,USA
PEP,PepsiCo Inc,Consumer Defensive,Beverages - Non-Alcoholic,USA
PFE,Pfizer Inc.,Healthcare,Drug Manufacturers - General,USA
PFG,Principal Financial Group Inc,Financial,Asset Management,USA
PFGC,Performance Food Group Company,Consumer Defensive,Food Distribution,USA
PFSI,PennyMac Financial Services Inc.,Financial,Mortgage Finance,USA
PG,Procter & Gamble Co.,Consumer Defensive,Household & Personal Products,USA
PGNY,Progyny Inc,Healthcare,Health Information Services,USA
PGR,Progressive Corp.,Financial,Insurance - Property & Casualty,USA
PGTI,PGT Innovations Inc,Industrials,Building Products & Equipment,USA
PH,Parker-Hannifin Corp.,Industrials,Specialty Industrial Machinery,USA
PHG,Koninklijke Philips N.V. ADR,Healthcare,Medical Devices,Netherlands
PHM,PulteGroup Inc,Consumer Cyclical,Residential Construction,USA
PHYS,Sprott Physical Gold Trust,Financial,Asset Management,Canada
PI,Impinj Inc,Technology,Communication Equipment,USA
PII,Polaris Inc,Consumer Cyclical,Recreational Vehicles,USA
PINC,Premier Inc,Healthcare,Health Information Services,USA
PINS,Pinterest Inc,Communication Services,Internet Content & Information,USA
PK,Park Hotels & Resorts Inc,Real Estate,REIT - Hotel & Motel,USA
PKG,Packaging Corp Of America,Consumer Cyclical,Packaging & Containers,USA
PLAY,Dave & Buster's Entertainment Inc,Communication Services,Entertainment,USA
PLD,Prologis Inc,Real Estate,REIT - Industrial,USA
PLNT,Planet Fitness Inc,Consumer Cyclical,Leisure,USA
PLTR,Palantir Technologies Inc,Technology,Software - Infrastructure,USA
PLUG,Plug Power Inc,Industrials,Electrical Equipment & Parts,USA
PLUS,ePlus Inc,Technology,Software - Application,USA
PLXS,Plexus Corp.,Technology,Electronic Components,USA
PM,Philip Morris International Inc,Consumer Defensive,Tobacco,USA
PNC,PNC Financial Services Group Inc,Financial,Banks - Regional,USA
PNFP,Pinnacle Financial Partners Inc.,Financial,Banks - Regional,USA
PNR,Pentair plc,Industrials,Specialty Industrial Machinery,United Kingdom
PODD,Insulet Corporation,Healthcare,Medical Devices,USA
POOL,Pool Corporation,Industrials,Industrial Distribution,USA
POST,Post Holdings Inc,Consumer Defensive,Packaged Foods,USA
POWI,Power Integrations Inc.,Technology,Semiconductors,USA
PPBI,Pacific Premier Bancorp,,,
PPC,Pilgrim's Pride Corp.,Consumer Defensive,Packaged Foods,USA
PPG,PPG Industries,,,
PRCT,Procept BioRobotics Corp,Healthcare,Medical Devices,USA
PRFT,Perficient Inc.,Technology,Information Technology Services,USA
PRGO,Perrigo Company plc,Healthcare,Drug Manufacturers - Specialty & Generic,Ireland
PRGS,Progress Software Corp.,Technology,Software - Application,USA
PRI,Primerica Inc,Financial,Insurance - Life,USA
PRK,Park National Corp.,Financial,Banks - Regional,USA
PRMW,Primo Water Corporation,Consumer Defensive,Beverages - Non-Alcoholic,USA
PRU,Prudential Financial Inc.,Financial,Insurance - Life,USA
PRVA,Privia Health Group Inc,Healthcare,Health Information Services,USA
PSA,Public Storage.,Real Estate,REIT - Industrial,USA
PSEC,Prospect Capital Corporation,Financial,Asset Management,USA
PSLV,Sprott Physical Silver Trust,Financial,Asset Management,Canada
PSMT,Pricesmart Inc.,Consumer Defensive,Discount Stores,USA
PSN,Parsons Corp,Technology,Information Technology Services,USA
PSO,Pearson plc ADR,Communication Services,Publishing,United Kingdom
PSTG,Pure Storage Inc,Technology,Computer Hardware,USA
PTC,PTC Inc,Technology,Software - Application,USA
PTCT,PTC Therapeutics Inc,Healthcare,Biotechnology,USA
PTON,Peloton Interactive Inc,Consumer Cyclical,Leisure,USA
PTVE,Pactiv Evergreen Inc,Consumer Cyclical,Packaging & Containers,USA
PUK,Prudential plc ADR,Financial,Insurance - Life,United Kingdom
PVH,PVH Corp,Consumer Cyclical,Apparel Manufacturing,USA
PWR,Quanta Services,,,
PWSC,PowerSchool Holdings Inc,Technology,Software - Application,USA
PYCR,Paycor HCM Inc,Technology,Software - Application,USA
PYPL,PayPal Holdings Inc,Financial,Credit Services,USA
PZZA,Papa John's International,,,
QCOM,Qualcomm,,,
QDEL,QuidelOrtho Corporation,Healthcare,Medical Devices,USA
QGEN,Qiagen NV,Healthcare,Diagnostics & Research,Netherlands
QLYS,Qualys Inc,Technology,Software - Infrastructure,USA
QRTEB,Qurate Retail Inc,Consumer Cyclical,Internet Retail,USA
QRVO,Qorvo Inc,Technology,Semiconductors,USA
QS,QuantumScape Corp,Consumer Cyclical,Auto Parts,USA
QSR,Restaurant Brands International Inc,Consumer Cyclical,Restaurants,Canada
QTWO,Q2 Holdings Inc,Technology,Software - Application,USA
R,Ryder System,,,
RACE,Ferrari N.V.,Consumer Cyclical,Auto Manufacturers,Italy
RAMP,LiveRamp Holdings Inc,Technology,Software - Infrastructure,USA
RARE,Ultragenyx Pharmaceutical Inc.,Healthcare,Biotechnology,USA
RBA,RB Global Inc,Industrials,Specialty Business Services,USA
RBC,RBC Bearings Inc.,Industrials,Tools & Accessories,USA
RBLX,Roblox Corporation,Communication Services,Electronic Gaming & Multimedia,USA
RCI,Rogers Communications Inc.,Communication Services,Telecom Services,Canada
RCKT,Rocket Pharmaceuticals Inc,Healthcare,Biotechnology,USA
RCL,Royal Caribbean Group,Consumer Cyclical,Travel Services,USA
RCM,R1 RCM Inc.,Healthcare,Health Information Services,USA
RDN,Radian Group,,,
RDNT,Radnet Inc,Healthcare,Diagnostics & Research,USA
REG,Regency Centers Corporation,Real Estate,REIT - Retail,USA
REGN,Regeneron Pharmaceuticals,,,
RELX,RELX Plc ADR,Industrials,Specialty Business Services,United Kingdom
RELY,Remitly Global Inc,Technology,Software - Infrastructure,USA
REXR,Rexford Industrial Realty Inc,Real Estate,REIT - Industrial,USA
REYN,Reynolds Consumer Products Inc,Consumer Cyclical,Packaging & Containers,USA
REZI,Resideo Technologies Inc,Industrials,Security & Protection Services,USA
RF,Regions Financial Corp.,Financial,Banks - Regional,USA
RGA,Reinsurance Group Of America,,,
RGEN,Repligen Corp.,Healthcare,Medical Instruments & Supplies,USA
RGLD,Royal Gold,,,
RH,RH,Consumer Cyclical,Specialty Retail,USA
RHI,Robert Half Inc,Industrials,Staffing & Employment Services,USA
RHP,Ryman Hospitality Properties Inc,Real Estate,REIT - Hotel & Motel,USA
RIO,Rio Tinto plc ADR,Basic Materials,Other Industrial Metals & Mining,United Kingdom
RITM,Rithm Capital Corporation,Real Estate,REIT - Mortgage,USA
RIVN,Rivian Automotive Inc,Consumer Cyclical,Auto Manufacturers,USA
RKLB,Rocket Lab USA Inc,Industrials,Aerospace & Defense,USA
RL,Ralph Lauren Corp,Consumer Cyclical,Apparel Manufacturing,USA
RLI,RLI Corp.,Financial,Insurance - Property & Casualty,USA
RMBS,Rambus Inc.,Technology,Semiconductors,USA
RMD,Resmed Inc.,Healthcare,Medical Instruments & Supplies,USA
RNG,RingCentral Inc.,Technology,Software - Application,USA
ROAD,Construction Partners Inc,Industrials,Engineering & Construction,USA
ROCK,Gibraltar Industries Inc.,Industrials,Building Products & Equipment,USA
ROG,Rogers Corp.,Technology,Electronic Components,USA
ROIV,Roivant Sciences Ltd,Healthcare,Biotechnology,United Kingdom
ROK,Rockwell Automation Inc,Industrials,Specialty Industrial Machinery,USA
ROKU,Roku Inc,Communication Services,Entertainment,USA
ROL,Rollins,,,
ROP,Roper Technologies Inc,Technology,Software - Application,USA
ROST,Ross Stores,,,
RPD,Rapid7 Inc,Technology,Software - Infrastructure,USA
RPM,RPM International,,,
RPRX,Royalty Pharma plc,Healthcare,Biotechnology,USA
RRR,Red Rock Resorts Inc,Consumer Cyclical,Resorts & Casinos,USA
RRX,Regal Rexnord Corp,Industrials,Specialty Industrial Machinery,USA
RS,Reliance Steel & Aluminum Co.,Basic Materials,Steel,USA
RSG,Republic Services,,,
RTO,Rentokil Initial Plc. ADR,Industrials,Specialty Business Services,United Kingdom
RTX,RTX Corp,Industrials,Aerospace & Defense,USA
RUN,Sunrun Inc,Technology,Solar,USA
RUSHA,Rush Enterprises Inc,Consumer Cyclical,Auto & Truck Dealerships,USA
RUSHB,Rush Enterprises Inc,Consumer Cyclical,Auto & Truck Dealerships,USA
RVMD,Revolution Medicines Inc,Healthcare,Biotechnology,USA
RVTY,Revvity Inc.,Healthcare,Diagnostics & Research,USA
RXO,RXO Inc,Industrials,Trucking,USA
RXRX,Recursion Pharmaceuticals Inc,Healthcare,Biotechnology,USA
RY,Royal Bank Of Canada,Financial,Banks - Diversified,USA
RYAAY,Ryanair Holdings Plc ADR,Industrials,Airlines,Ireland
RYAN,Ryan Specialty Holdings Inc,Financial,Insurance - Specialty,USA
RYN,Rayonier Inc.,Real Estate,REIT - Specialty,USA
RYTM,Rhythm Pharmaceuticals Inc.,Healthcare,Biotechnology,USA
RYZB,RayzeBio Inc.,Healthcare,Biotechnology,USA
S,SentinelOne Inc,Technology,Software - Infrastructure,USA
SAIA,Saia Inc.,Industrials,Trucking,USA
SAIC,Science Applications International Corp.,Technology,Information Technology Services,USA
SAM,Boston Beer Co.,,,
SAN,Banco Santander S.A. ADR,Financial,Banks - Diversified,Spain
SANM,Sanmina Corp,Technology,Electronic Components,USA
SAP,Sap SE ADR,Technology,Software - Application,Germany
SATS,EchoStar Corp,Technology,Communication Equipment,USA
SBAC,SBA Communications Corp,Real Estate,REIT - Specialty,USA
SBCF,Seacoast Banking Corp. Of Florida,Financial,Banks - Regional,USA
SBRA,Sabra Healthcare REIT Inc,Real Estate,REIT - Healthcare Facilities,USA
SBUX,Starbucks Corp.,Consumer Cyclical,Restaurants,USA
SCCO,Southern Copper Corporation,Basic Materials,Copper,USA
SCI,Service Corp. International,Consumer Cyclical,Personal Services,USA
SDGR,Schrodinger Inc,Healthcare,Health Information Services,USA
SEAS,SeaWorld Entertainment Inc,Consumer Cyclical,Leisure,USA
SEB,Seaboard Corp.,Industrials,Conglomerates,USA
SEE,Sealed Air Corp.,Consumer Cyclical,Packaging & Containers,USA
SEIC,SEI Investments Co.,Financial,Asset Management,USA
SEM,Select Medical Holdings Corporation,Healthcare,Medical Care Facilities,USA
SFBS,ServisFirst Bancshares Inc,Financial,Banks - Regional,USA
SFM,Sprouts Farmers Market Inc,Consumer Defensive,Grocery Stores,USA
SFNC,Simmons First National Corp.,Financial,Banks - Regional,USA
SGRY,Surgery Partners Inc,Healthcare,Medical Care Facilities,USA
SHAK,Shake Shack Inc,Consumer Cyclical,Restaurants,USA
SHC,Sotera Health Co,Healthcare,Diagnostics & Research,USA
SHLS,Shoals Technologies Group Inc,Technology,Solar,USA
SHO,Sunstone Hotel Investors Inc,Real Estate,REIT - Hotel & Motel,USA
SHOO,Steven Madden Ltd.,Consumer Cyclical,Footwear & Accessories,USA
SHOP,Shopify Inc,Technology,Software - Application,Canada
SHW,Sherwin-Williams Co.,Basic Materials,Specialty Chemicals,USA
SIGI,Selective Insurance Group Inc.,Financial,Insurance - Property & Casualty,USA
SIRI,Sirius XM Holdings Inc,Communication Services,Entertainment,USA
SITC,SITE Centers Corp,Real Estate,REIT - Retail,USA
SITE,SiteOne Landscape Supply Inc,Industrials,Industrial Distribution,USA
SITM,SiTime Corp,Technology,Semiconductors,USA
SIX,Six Flags Entertainment Corp,Consumer Cyclical,Leisure,USA
SJM,J.M. Smucker Co.,Consumer Defensive,Packaged Foods,USA
SKT,Tanger Inc.,Real Estate,REIT - Retail,USA
SKX,Skechers U S A,,,
SKY,Skyline Champion Corp,Consumer Cyclical,Residential Construction,USA
SKYW,Skywest Inc.,Industrials,Airlines,USA
SLAB,Silicon Laboratories Inc,Technology,Semiconductors,USA
SLF,Sun Life Financial,,,
SLG,SL Green Realty Corp.,Real Estate,REIT - Office,USA
SLGN,Silgan Holdings Inc.,Consumer Cyclical,Packaging & Containers,USA
SLM,SLM Corp.,Financial,Credit Services,USA
SMAR,Smartsheet Inc,Technology,Software - Application,USA
SMCI,Super Micro Computer Inc,Technology,Computer Hardware,USA
SMG,Scotts Miracle-Gro Company,Basic Materials,Agricultural Inputs,USA
SMMT,Summit Therapeutics Inc,Healthcare,Biotechnology,USA
SMPL,Simply Good Foods Co,Consumer Defensive,Packaged Foods,USA
SN,SharkNinja Inc.,Consumer Cyclical,Furnishings,
SNA,Snap-on,,,
SNAP,Snap Inc,Communication Services,Internet Content & Information,USA
SNDR,Schneider National Inc,Industrials,Trucking,USA
SNN,Smith & Nephew plc ADR,Healthcare,Medical Devices,United Kingdom
SNOW,Snowflake Inc,Technology,Software - Application,USA
SNPS,Synopsys,,,
SNV,Synovus Financial Corp.,Financial,Banks - Regional,USA
SNX,TD Synnex Corp,Technology,Electronics & Computer Distribution,USA
SNY,Sanofi ADR,Healthcare,Drug Manufacturers - General,France
SOFI,SoFi Technologies Inc,Financial,Credit Services,USA
SON,Sonoco Products Co.,Consumer Cyclical,Packaging & Containers,USA
SONO,Sonos Inc,Technology,Consumer Electronics,USA
SOVO,Sovos Brands Inc,Consumer Defensive,Packaged Foods,USA
SPB,Spectrum Brands Holdings Inc.,Consumer Defensive,Household & Personal Products,USA
SPG,Simon Property Group,,,
SPGI,S&P Global Inc,Financial,Financial Data & Stock Exchanges,USA
SPLK,Splunk Inc,Technology,Software - Infrastructure,USA
SPOT,Spotify Technology S.A.,Communication Services,Internet Content & Information,Luxembourg
SPR,Spirit Aerosystems Holdings Inc,Industrials,Aerospace & Defense,USA
SPSC,SPS Commerce Inc.,Technology,Software - Infrastructure,USA
SPT,Sprout Social Inc,Technology,Software - Application,USA
SPXC,SPX Technologies Inc,Industrials,Building Products & Equipment,USA
SQ,Block Inc,Technology,Software - Infrastructure,USA
SQSP,Squarespace Inc,Technology,Software - Infrastructure,USA
SRAD,Sportradar Group AG,Technology,Software - Application,Switzerland
SRC,Spirit Realty Capital Inc,Real Estate,REIT - Diversified,USA
SRCL,Stericycle Inc.,Industrials,Waste Management,USA
SRPT,Sarepta Therapeutics Inc,Healthcare,Biotechnology,USA
SSB,SouthState Corporation,Financial,Banks - Regional,USA
SSD,Simpson Manufacturing Co.,,,
SSNC,SS&C Technologies Holdings Inc,Technology,Software - Application,USA
SSRM,SSR Mining Inc,Basic Materials,Gold,USA
ST,Sensata Technologies Holding Plc,Technology,Scientific & Technical Instruments,USA
STAG,STAG Industrial Inc,Real Estate,REIT - Industrial,USA
STE,Steris Plc,Healthcare,Medical Devices,Ireland
STEP,StepStone Group Inc,Financial,Asset Management,USA
STLA,Stellantis N.V,Consumer Cyclical,Auto Manufacturers,Netherlands
STLD,Steel Dynamics Inc.,Basic Materials,Steel,USA
STM,ST Microelectronics,Technology,Semiconductors,Switzerland
STN,Stantec Inc,Industrials,Engineering & Construction,Canada
STRA,Strategic Education Inc,Consumer Defensive,Education & Training Services,USA
STRL,Sterling Infrastructure Inc,Industrials,Engineering & Construction,USA
STT,State Street Corp.,Financial,Asset Management,USA
STVN,Stevanato Group Spa,Healthcare,Medical Instruments & Supplies,Italy
STWD,Starwood Property Trust Inc,Real Estate,REIT - Mortgage,USA
STX,Seagate Technology Holdings Plc,Technology,Computer Hardware,USA
STZ,Constellation Brands Inc,Consumer Defensive,Beverages - Wineries & Distilleries,USA
SUI,Sun Communities,,,
SUM,Summit Materials Inc,Basic Materials,Building Materials,USA
SVV,Savers Value Village Inc,Consumer Cyclical,Specialty Retail,USA
SWAV,ShockWave Medical Inc,Healthcare,Medical Devices,USA
SWK,Stanley Black & Decker Inc,Industrials,Tools & Accessories,USA
SWKS,Skyworks Solutions,,,
SWTX,SpringWorks Therapeutics Inc,Healthcare,Biotechnology,USA
SXT,Sensient Technologies Corp.,Basic Materials,Specialty Chemicals,USA
SYF,Synchrony Financial,Financial,Credit Services,USA
SYK,Stryker Corp.,Healthcare,Medical Devices,USA
SYM,Symbotic Inc,Industrials,Specialty Industrial Machinery,USA
SYNA,Synaptics Inc,Technology,Semiconductors,USA
SYY,Sysco Corp.,Consumer Defensive,Food Distribution,USA
T,AT&T,,,
TAP,Molson Coors Beverage Company,Consumer Defensive,Beverages - Brewers,USA
TBBK,Bancorp Inc.,Financial,Banks - Regional,USA
TCBI,Texas Capital Bancshares,,,
TCN,Tricon Residential Inc,Real Estate,Real Estate Services,Canada
TD,Toronto Dominion Bank,Financial,Banks - Diversified,Canada
TDC,Teradata Corp,Technology,Software - Infrastructure,USA
TDG,Transdigm Group Incorporated,Industrials,Aerospace & Defense,USA
TDOC,Teladoc Health Inc,Healthcare,Health Information Services,USA
TDS,Telephone And Data Systems,,,
TDY,Teledyne Technologies Inc,Technology,Scientific & Technical Instruments,USA
TEAM,Atlassian Corporation,Technology,Software - Application,USA
TECH,Bio-Techne Corp,Healthcare,Biotechnology,USA
TECK,Teck Resources Ltd,Basic Materials,Other Industrial Metals & Mining,Canada
TEF,Telefonica S.A ADR,Communication Services,Telecom Services,Spain
TEL,TE Connectivity Ltd,Technology,Electronic Components,Switzerland
TENB,Tenable Holdings Inc,Technology,Software - Infrastructure,USA
TER,Teradyne,,,
TEX,Terex Corp.,Industrials,Farm & Heavy Construction Machinery,USA
TFC,Truist Financial Corporation,Financial,Banks - Regional,USA
TFII,TFI International Inc,Industrials,Trucking,Canada
TFPM,Triple Flag Precious Metals Corp,Basic Materials,Other Precious Metals & Mining,Canada
TFSL,TFS Financial Corporation,Financial,Banks - Regional,USA
TFX,Teleflex Incorporated,Healthcare,Medical Instruments & Supplies,USA
TGLS,Tecnoglass Inc,Basic Materials,Building Materials,USA
TGNA,TEGNA Inc,Communication Services,Broadcasting,USA
TGT,Target Corp,Consumer Defensive,Discount Stores,USA
TGTX,TG Therapeutics Inc,Healthcare,Biotechnology,USA
THC,Tenet Healthcare Corp.,Healthcare,Medical Care Facilities,USA
THG,Hanover Insurance Group Inc,Financial,Insurance - Property & Casualty,USA
THO,Thor Industries,,,
THS,Treehouse Foods Inc,Consumer Defensive,Packaged Foods,USA
TIGO,Millicom International Cellular S.A.,Communication Services,Telecom Services,Luxembourg
TIXT,TELUS International (Cda) Inc,Technology,Software - Infrastructure,Canada
TJX,TJX Companies,,,
TKC,Turkcell Iletisim Hizmetleri A.S. ADR,Communication Services,Telecom Services,Turkey
TKO,TKO Group Holdings Inc,Communication Services,Entertainment,USA
TKR,Timken Co.,Industrials,Tools & Accessories,USA
TMDX,Transmedics Group Inc,Healthcare,Medical Devices,USA
TMHC,Taylor Morrison Home Corp.,Consumer Cyclical,Residential Construction,USA
TMO,Thermo Fisher Scientific Inc.,Healthcare,Diagnostics & Research,USA
TMUS,T-Mobile US Inc,Communication Services,Telecom Services,USA
TNET,TriNet Group Inc,Industrials,Staffing & Employment Services,USA
TNL,Travel+Leisure Co,Consumer Cyclical,Travel Services,USA
TOL,Toll Brothers Inc.,Consumer Cyclical,Residential Construction,USA
TOST,Toast Inc,Technology,Software - Infrastructure,USA
TOWN,Townebank Portsmouth VA,Financial,Banks - Regional,USA
TPG,TPG Inc,Financial,Asset Management,USA
TPH,Tri Pointe Homes Inc.,Consumer Cyclical,Residential Construction,USA
TPR,Tapestry Inc,Consumer Cyclical,Luxury Goods,USA
TPX,Tempur Sealy International Inc,Consumer Cyclical,Furnishings,
TR,Tootsie Roll Industries,,,
TREX,TREX Co.,,,
TRI,Thomson-Reuters Corp,Industrials,Specialty Business Services,Canada
TRIP,TripAdvisor Inc.,Consumer Cyclical,Travel Services,USA
TRMB,Trimble Inc,Technology,Scientific & Technical Instruments,USA
TRN,Trinity Industries,,,
TRNO,Terreno Realty Corp,Real Estate,REIT - Industrial,USA
TROW,T. Rowe Price Group Inc.,Financial,Asset Management,USA
TROX,Tronox Holdings plc,Basic Materials,Chemicals,USA
TRU,TransUnion,Industrials,Consulting Services,USA
TRV,Travelers Companies Inc.,Financial,Insurance - Property & Casualty,USA
TSCO,Tractor Supply Co.,Consumer Cyclical,Specialty Retail,USA
TSLA,Tesla Inc,Consumer Cyclical,Auto Manufacturers,USA
TSN,Tyson Foods,,,
TT,Trane Technologies plc,Industrials,Building Products & Equipment,Ireland
TTC,Toro Co.,Industrials,Tools & Accessories,USA
TTD,Trade Desk Inc,Technology,Software - Application,USA
TTEK,Tetra Tech,,,
TTWO,Take-Two Interactive Software,,,
TU,Telus Corp.,Communication Services,Telecom Services,Canada
TWLO,Twilio Inc,Communication Services,Internet Content & Information,USA
TWST,Twist Bioscience Corp,Healthcare,Diagnostics & Research,USA
TX,Ternium S.A. ADR,Basic Materials,Steel,Luxembourg
TXG,10x Genomics Inc,Healthcare,Health Information Services,USA
TXN,Texas Instruments Inc.,Technology,Semiconductors,USA
TXRH,Texas Roadhouse Inc,Consumer Cyclical,Restaurants,USA
TXT,Textron Inc.,Industrials,Aerospace & Defense,USA
TYL,Tyler Technologies,,,
U,Unity Software Inc,Technology,Software - Application,USA
UA,Under Armour Inc,Consumer Cyclical,Apparel Manufacturing,USA
UAA,Under Armour Inc,Consumer Cyclical,Apparel Manufacturing,USA
UAL,United Airlines Holdings Inc,Industrials,Airlines,USA
UBER,Uber Technologies Inc,Technology,Software - Application,USA
UBS,UBS Group AG,Financial,Banks - Diversified,Switzerland
UBSI,United Bankshares,,,
UCBI,United Community Banks Inc,Financial,Banks - Regional,USA
UDMY,Udemy Inc,Consumer Defensive,Education & Training Services,USA
UDR,UDR Inc,Real Estate,REIT - Residential,USA
UE,Urban Edge Properties,Real Estate,REIT - Retail,USA
UFPI,UFP Industries Inc,Basic Materials,Lumber & Wood Production,USA
UHAL,U-Haul Holding Company,Industrials,Rental & Leasing Services,USA
UHAL-B,U-Haul Holding Company,Industrials,Rental & Leasing Services,USA
UHS,Universal Health Services,,,
UI,Ubiquiti Inc,Technology,Communication Equipment,USA
UL,Unilever plc ADR,Consumer Defensive,Household & Personal Products,United Kingdom
ULTA,Ulta Beauty Inc,Consumer Cyclical,Specialty Retail,USA
UMBF,UMB Financial Corp.,Financial,Banks - Regional,USA
UNF,Unifirst Corp.,Industrials,Specialty Business Services,USA
UNH,Unitedhealth Group Inc,Healthcare,Healthcare Plans,USA
UNM,Unum Group,Financial,Insurance - Life,USA
UNP,Union Pacific Corp.,Industrials,Railroads,USA
UP,Wheels Up Experience Inc,Industrials,Airports & Air Services,USA
UPS,United Parcel Service,,,
UPST,Upstart Holdings Inc,Financial,Credit Services,USA
UPWK,Upwork Inc,Industrials,Staffing & Employment Services,USA
URBN,Urban Outfitters,,,
URI,United Rentals,,,
USB,U.S. Bancorp.,Financial,Banks - Regional,USA
USFD,US Foods Holding Corp,Consumer Defensive,Food Distribution,USA
USM,United States Cellular Corporation,Communication Services,Telecom Services,USA
UTHR,United Therapeutics Corp,Healthcare,Biotechnology,USA
V,Visa Inc,Financial,Credit Services,USA
VAC,Marriott Vacations Worldwide Corp,Consumer Cyclical,Resorts & Casinos,USA
VC,Visteon Corp.,Consumer Cyclical,Auto Parts,USA
VCTR,Victory Capital Holdings Inc,Financial,Asset Management,USA
VCYT,Veracyte Inc,Healthcare,Biotechnology,USA
VEEV,Veeva Systems Inc,Healthcare,Health Information Services,USA
VERX,Vertex Inc,Technology,Software - Application,USA
VFC,VF Corp.,Consumer Cyclical,Apparel Manufacturing,USA
VFS,VinFast Auto Ltd.,Consumer Cyclical,Auto Manufacturers,USA
VIAV,Viavi Solutions Inc,Technology,Communication Equipment,USA
VICI,VICI Properties Inc,Real Estate,REIT - Diversified,USA
VKTX,Viking Therapeutics Inc,Healthcare,Biotechnology,USA
VLTO,Veralto Corp,Industrials,Pollution & Treatment Controls,USA
VLY,Valley National Bancorp,Financial,Banks - Regional,USA
VMC,Vulcan Materials Co,Basic Materials,Building Materials,USA
VMI,Valmont Industries,,,
VNO,Vornado Realty Trust,Real Estate,REIT - Office,USA
VNT,Vontier Corporation,Technology,Scientific & Technical Instruments,USA
VOD,Vodafone Group plc ADR,Communication Services,Telecom Services,United Kingdom
VOYA,Voya Financial Inc,Financial,Financial Conglomerates,USA
VRNS,Varonis Systems Inc,Technology,Software - Infrastructure,USA
VRRM,Verra Mobility Corp,Industrials,Infrastructure Operations,USA
VRSK,Verisk Analytics Inc,Industrials,Consulting Services,USA
VRSN,Verisign Inc.,Technology,Software - Infrastructure,USA
VRT,Vertiv Holdings Co,Industrials,Electrical Equipment & Parts,USA
VRTX,Vertex Pharmaceuticals,,,
VSAT,Viasat,,,
VSH,Vishay Intertechnology,,,
VSTS,Vestis Corp,Industrials,Rental & Leasing Services,USA
VTR,Ventas Inc,Real Estate,REIT - Healthcare Facilities,USA
VTRS,Viatris Inc,Healthcare,Drug Manufacturers - Specialty & Generic,USA
VYX,NCR Voyix Corp,Technology,Information Technology Services,USA
VZ,Verizon Communications Inc,Communication Services,Telecom Services,USA
W,Wayfair Inc,Consumer Cyclical,Internet Retail,USA
WAB,Westinghouse Air Brake Technologies Corp,Industrials,Railroads,USA
WAFD,WaFd Inc,Financial,Banks - Regional,USA
WAL,Western Alliance Bancorp,Financial,Banks - Regional,USA
WAT,Waters Corp.,Healthcare,Diagnostics & Research,USA
WBA,Walgreens Boots Alliance Inc,Healthcare,Pharmaceutical Retailers,USA
WBD,Warner Bros. Discovery Inc,Communication Services,Entertainment,USA
WBS,Webster Financial Corp.,Financial,Banks - Regional,USA
WCC,Wesco International,,,
WCN,Waste Connections Inc,Industrials,Waste Management,Canada
WD,Walker & Dunlop Inc,Financial,Mortgage Finance,USA
WDAY,Workday Inc,Technology,Software - Application,USA
WDC,Western Digital Corp.,Technology,Computer Hardware,USA
WDFC,WD-40 Co.,Basic Materials,Specialty Chemicals,USA
WELL,Welltower Inc.,Real Estate,REIT - Healthcare Facilities,USA
WEN,Wendy's Co,Consumer Cyclical,Restaurants,USA
WERN,Werner Enterprises,,,
WEX,WEX Inc,Technology,Software - Infrastructure,USA
WFC,Wells Fargo & Co.,Financial,Banks - Diversified,USA
WFG,West Fraser Timber Co.,,,
WGO,Winnebago Industries,,,
WH,Wyndham Hotels & Resorts Inc,Consumer Cyclical,Lodging,USA
WHR,Whirlpool Corp.,Consumer Cyclical,Furnishings,
WING,Wingstop Inc,Consumer Cyclical,Restaurants,USA
WIRE,Encore Wire Corp.,Industrials,Electrical Equipment & Parts,USA
WK,Workiva Inc,Technology,Software - Application,USA
WLK,Westlake Corporation,Basic Materials,Specialty Chemicals,USA
WM,Waste Management,,,
WMG,Warner Music Group Corp,Communication Services,Entertainment,USA
WMS,Advanced Drainage Systems Inc,Industrials,Building Products & Equipment,USA
WMT,Walmart Inc,Consumer Defensive,Discount Stores,USA
WOLF,Wolfspeed Inc,Technology,Semiconductors,USA
WOR,Worthington Enterprises Inc.,Industrials,Metal Fabrication,USA
WPC,W. P. Carey Inc,Real Estate,REIT - Diversified,USA
WPM,Wheaton Precious Metals Corp,Basic Materials,Gold,Canada
WPP,WPP Plc. ADR,Communication Services,Advertising Agencies,United Kingdom
WRB,W.R. Berkley Corp.,Financial,Insurance - Property & Casualty,USA
WRK,WestRock Co,Consumer Cyclical,Packaging & Containers,USA
WSC,WillScot Mobile Mini Holdings Corp,Industrials,Rental & Leasing Services,USA
WSFS,WSFS Financial Corp.,Financial,Banks - Regional,USA
WSM,Williams-Sonoma,,,
WSO,Watsco Inc.,Industrials,Industrial Distribution,USA
WST,West Pharmaceutical Services,,,
WTFC,Wintrust Financial Corp.,Financial,Banks - Regional,USA
WTM,White Mountains Insurance Group,,,
WTS,Watts Water Technologies,,,
WTW,Willis Towers Watson Public Limited Co,Financial,Insurance Brokers,United Kingdom
WU,Western Union Company,Financial,Credit Services,USA
WWD,Woodward Inc,Industrials,Aerospace & Defense,USA
WY,Weyerhaeuser Co.,Real Estate,REIT - Specialty,USA
WYNN,Wynn Resorts Ltd.,Consumer Cyclical,Resorts & Casinos,USA
X,United States Steel Corp.,Basic Materials,Steel,USA
XENE,Xenon Pharmaceuticals Inc,Healthcare,Biotechnology,Canada
XPO,XPO Inc,Industrials,Trucking,USA
XRAY,DENTSPLY Sirona Inc,Healthcare,Medical Instruments & Supplies,USA
XYL,Xylem Inc,Industrials,Specialty Industrial Machinery,USA
YELP,Yelp Inc,Communication Services,Internet Content & Information,USA
YETI,YETI Holdings Inc,Consumer Cyclical,Leisure,USA
YOU,Clear Secure Inc,Technology,Software - Application,USA
YUM,Yum Brands Inc.,Consumer Cyclical,Restaurants,USA
Z,Zillow Group Inc,Communication Services,Internet Content & Information,USA
ZBH,Zimmer Biomet Holdings Inc,Healthcare,Medical Devices,USA
ZBRA,Zebra Technologies Corp.,Technology,Communication Equipment,USA
ZD,Ziff Davis Inc,Communication Services,Advertising Agencies,USA
ZG,Zillow Group Inc,Communication Services,Internet Content & Information,USA
ZGN,Ermenegildo Zegna N.V.,Consumer Cyclical,Apparel Manufacturing,Italy
ZI,ZoomInfo Technologies Inc.,Technology,Software - Application,USA
ZION,Zions Bancorporation N.A,Financial,Banks - Regional,USA
ZM,Zoom Video Communications Inc,Technology,Software - Application,USA
ZS,Zscaler Inc,Technology,Software - Infrastructure,USA
ZTS,Zoetis Inc,Healthcare,Drug Manufacturers - Specialty & Generic,USA
ZWS,Zurn Elkay Water Solutions Corp,Industrials,Pollution & Treatment Controls,USA
